[08ene2025 09:25:09.890] [main/INFO] [cpw.mods.modlauncher.Launcher/MODLAUNCHER]: ModLauncher running: args [--launchTarget, forgeclientuserdev, --version, MOD_DEV, --assetIndex, 1.19, --assetsDir, /Users/pedromrtz/.gradle/caches/forge_gradle/assets, --gameDir, ., --fml.forgeVersion, 41.1.0, --fml.mcVersion, 1.19, --fml.forgeGroup, net.minecraftforge, --fml.mcpVersion, 20220607.102129]
[08ene2025 09:25:09.893] [main/INFO] [cpw.mods.modlauncher.Launcher/MODLAUNCHER]: ModLauncher 10.0.9+10.0.9+main.dcd20f30 starting: java version 17.0.10 by Oracle Corporation; OS Mac OS X arch aarch64 version 15.0
[08ene2025 09:25:09.909] [main/DEBUG] [cpw.mods.modlauncher.LaunchServiceHandler/MODLAUNCHER]: Found launch services [fmlclientdev,forgeclient,minecraft,forgegametestserverdev,fmlserveruserdev,fmlclient,fmldatauserdev,forgeserverdev,forgeserveruserdev,forgeclientdev,forgeclientuserdev,forgeserver,forgedatadev,fmlserver,fmlclientuserdev,fmlserverdev,forgedatauserdev,testharness,forgegametestserveruserdev]
[08ene2025 09:25:09.920] [main/DEBUG] [cpw.mods.modlauncher.NameMappingServiceHandler/MODLAUNCHER]: Found naming services : [srgtomcp]
[08ene2025 09:25:09.930] [main/DEBUG] [cpw.mods.modlauncher.LaunchPluginHandler/MODLAUNCHER]: Found launch plugins: [mixin,eventbus,slf4jfixer,object_holder_definalize,runtime_enum_extender,capability_token_subclass,accesstransformer,runtimedistcleaner]
[08ene2025 09:25:09.937] [main/DEBUG] [cpw.mods.modlauncher.TransformationServicesHandler/MODLAUNCHER]: Discovering transformation services
[08ene2025 09:25:09.944] [main/DEBUG] [cpw.mods.modlauncher.TransformationServicesHandler/MODLAUNCHER]: Found additional transformation services from discovery services: 
[08ene2025 09:25:09.954] [main/DEBUG] [cpw.mods.modlauncher.TransformationServicesHandler/MODLAUNCHER]: Found transformer services : [mixin,fml]
[08ene2025 09:25:09.955] [main/DEBUG] [cpw.mods.modlauncher.TransformationServicesHandler/MODLAUNCHER]: Transformation services loading
[08ene2025 09:25:09.955] [main/DEBUG] [cpw.mods.modlauncher.TransformationServiceDecorator/MODLAUNCHER]: Loading service mixin
[08ene2025 09:25:09.956] [main/DEBUG] [cpw.mods.modlauncher.TransformationServiceDecorator/MODLAUNCHER]: Loaded service mixin
[08ene2025 09:25:09.956] [main/DEBUG] [cpw.mods.modlauncher.TransformationServiceDecorator/MODLAUNCHER]: Loading service fml
[08ene2025 09:25:09.957] [main/DEBUG] [net.minecraftforge.fml.loading.LauncherVersion/CORE]: Found FMLLauncher version 1.0
[08ene2025 09:25:09.958] [main/DEBUG] [net.minecraftforge.fml.loading.FMLLoader/CORE]: FML 1.0 loading
[08ene2025 09:25:09.958] [main/DEBUG] [net.minecraftforge.fml.loading.FMLLoader/CORE]: FML found ModLauncher version : 10.0.9+10.0.9+main.dcd20f30
[08ene2025 09:25:09.958] [main/DEBUG] [net.minecraftforge.fml.loading.FMLLoader/CORE]: FML found AccessTransformer version : 8.0.4+66+master.c09db6d7
[08ene2025 09:25:09.958] [main/DEBUG] [net.minecraftforge.fml.loading.FMLLoader/CORE]: FML found EventBus version : 6.0.0+6.0.0+master.901864e5
[08ene2025 09:25:09.959] [main/DEBUG] [net.minecraftforge.fml.loading.FMLLoader/CORE]: Found Runtime Dist Cleaner
[08ene2025 09:25:09.959] [main/DEBUG] [net.minecraftforge.fml.loading.FMLLoader/CORE]: FML found CoreMod version : 5.0.1+15+master.dc5a2922
[08ene2025 09:25:09.960] [main/DEBUG] [net.minecraftforge.fml.loading.FMLLoader/CORE]: Found ForgeSPI package implementation version 6.0.0+6.0.0+master.42474703
[08ene2025 09:25:09.960] [main/DEBUG] [net.minecraftforge.fml.loading.FMLLoader/CORE]: Found ForgeSPI package specification 5
[08ene2025 09:25:09.966] [main/DEBUG] [cpw.mods.modlauncher.TransformationServiceDecorator/MODLAUNCHER]: Loaded service fml
[08ene2025 09:25:09.967] [main/DEBUG] [cpw.mods.modlauncher.TransformationServicesHandler/MODLAUNCHER]: Configuring option handling for services
[08ene2025 09:25:09.972] [main/DEBUG] [cpw.mods.modlauncher.TransformationServicesHandler/MODLAUNCHER]: Transformation services initializing
[08ene2025 09:25:09.972] [main/DEBUG] [cpw.mods.modlauncher.TransformationServiceDecorator/MODLAUNCHER]: Initializing transformation service mixin
[08ene2025 09:25:09.983] [main/DEBUG] [mixin/]: MixinService [ModLauncher] was successfully booted in cpw.mods.cl.ModuleClassLoader@51c8530f
[08ene2025 09:25:09.995] [main/INFO] [mixin/]: SpongePowered MIXIN Subsystem Version=0.8.5 Source=union:/Users/pedromrtz/.gradle/caches/modules-2/files-2.1/org.spongepowered/mixin/0.8.5/9d1c0c3a304ae6697ecd477218fa61b850bf57fc/mixin-0.8.5.jar%23117!/ Service=ModLauncher Env=CLIENT
[08ene2025 09:25:09.998] [main/DEBUG] [mixin/]: Initialising Mixin Platform Manager
[08ene2025 09:25:09.998] [main/DEBUG] [mixin/]: Adding mixin platform agents for container ModLauncher Root Container(ModLauncher:4f56a0a2)
[08ene2025 09:25:09.999] [main/DEBUG] [mixin/]: Instancing new MixinPlatformAgentMinecraftForge for ModLauncher Root Container(ModLauncher:4f56a0a2)
[08ene2025 09:25:09.999] [main/DEBUG] [mixin/]: MixinPlatformAgentMinecraftForge rejected container ModLauncher Root Container(ModLauncher:4f56a0a2)
[08ene2025 09:25:10.000] [main/DEBUG] [mixin/]: Instancing new MixinPlatformAgentDefault for ModLauncher Root Container(ModLauncher:4f56a0a2)
[08ene2025 09:25:10.000] [main/DEBUG] [mixin/]: MixinPlatformAgentDefault accepted container ModLauncher Root Container(ModLauncher:4f56a0a2)
[08ene2025 09:25:10.001] [main/DEBUG] [cpw.mods.modlauncher.TransformationServiceDecorator/MODLAUNCHER]: Initialized transformation service mixin
[08ene2025 09:25:10.001] [main/DEBUG] [cpw.mods.modlauncher.TransformationServiceDecorator/MODLAUNCHER]: Initializing transformation service fml
[08ene2025 09:25:10.001] [main/DEBUG] [net.minecraftforge.fml.loading.FMLServiceProvider/CORE]: Setting up basic FML game directories
[08ene2025 09:25:10.002] [main/DEBUG] [net.minecraftforge.fml.loading.FileUtils/CORE]: Found existing GAMEDIR directory : /Users/pedromrtz/Desktop/TFG/TFGMinecraft/mi_primer_mod/run
[08ene2025 09:25:10.002] [main/DEBUG] [net.minecraftforge.fml.loading.FMLPaths/CORE]: Path GAMEDIR is /Users/pedromrtz/Desktop/TFG/TFGMinecraft/mi_primer_mod/run
[08ene2025 09:25:10.002] [main/DEBUG] [net.minecraftforge.fml.loading.FileUtils/CORE]: Found existing MODSDIR directory : /Users/pedromrtz/Desktop/TFG/TFGMinecraft/mi_primer_mod/run/mods
[08ene2025 09:25:10.003] [main/DEBUG] [net.minecraftforge.fml.loading.FMLPaths/CORE]: Path MODSDIR is /Users/pedromrtz/Desktop/TFG/TFGMinecraft/mi_primer_mod/run/mods
[08ene2025 09:25:10.003] [main/DEBUG] [net.minecraftforge.fml.loading.FileUtils/CORE]: Found existing CONFIGDIR directory : /Users/pedromrtz/Desktop/TFG/TFGMinecraft/mi_primer_mod/run/config
[08ene2025 09:25:10.003] [main/DEBUG] [net.minecraftforge.fml.loading.FMLPaths/CORE]: Path CONFIGDIR is /Users/pedromrtz/Desktop/TFG/TFGMinecraft/mi_primer_mod/run/config
[08ene2025 09:25:10.003] [main/DEBUG] [net.minecraftforge.fml.loading.FMLPaths/CORE]: Path FMLCONFIG is /Users/pedromrtz/Desktop/TFG/TFGMinecraft/mi_primer_mod/run/config/fml.toml
[08ene2025 09:25:10.003] [main/DEBUG] [net.minecraftforge.fml.loading.FMLServiceProvider/CORE]: Loading configuration
[08ene2025 09:25:10.051] [main/DEBUG] [net.minecraftforge.fml.loading.FileUtils/CORE]: Found existing default config directory directory : /Users/pedromrtz/Desktop/TFG/TFGMinecraft/mi_primer_mod/run/defaultconfigs
[08ene2025 09:25:10.051] [main/DEBUG] [net.minecraftforge.fml.loading.FMLServiceProvider/CORE]: Preparing ModFile
[08ene2025 09:25:10.058] [main/DEBUG] [net.minecraftforge.fml.loading.FMLServiceProvider/CORE]: Preparing launch handler
[08ene2025 09:25:10.058] [main/DEBUG] [net.minecraftforge.fml.loading.FMLLoader/CORE]: Using forgeclientuserdev as launch service
[08ene2025 09:25:10.087] [main/DEBUG] [net.minecraftforge.fml.loading.FMLLoader/CORE]: Received command line version data  : VersionInfo[forgeVersion=41.1.0, mcVersion=1.19, mcpVersion=20220607.102129, forgeGroup=net.minecraftforge]
[08ene2025 09:25:10.089] [main/DEBUG] [cpw.mods.modlauncher.TransformationServiceDecorator/MODLAUNCHER]: Initialized transformation service fml
[08ene2025 09:25:10.089] [main/DEBUG] [cpw.mods.modlauncher.NameMappingServiceHandler/MODLAUNCHER]: Current naming domain is 'mcp'
[08ene2025 09:25:10.090] [main/DEBUG] [cpw.mods.modlauncher.NameMappingServiceHandler/MODLAUNCHER]: Identified name mapping providers {srg=srgtomcp:1234}
[08ene2025 09:25:10.091] [main/DEBUG] [cpw.mods.modlauncher.TransformationServicesHandler/MODLAUNCHER]: Transformation services begin scanning
[08ene2025 09:25:10.092] [main/DEBUG] [cpw.mods.modlauncher.TransformationServiceDecorator/MODLAUNCHER]: Beginning scan trigger - transformation service mixin
[08ene2025 09:25:10.092] [main/DEBUG] [cpw.mods.modlauncher.TransformationServiceDecorator/MODLAUNCHER]: End scan trigger - transformation service mixin
[08ene2025 09:25:10.092] [main/DEBUG] [cpw.mods.modlauncher.TransformationServiceDecorator/MODLAUNCHER]: Beginning scan trigger - transformation service fml
[08ene2025 09:25:10.093] [main/DEBUG] [net.minecraftforge.fml.loading.FMLServiceProvider/CORE]: Initiating mod scan
[08ene2025 09:25:10.111] [main/DEBUG] [net.minecraftforge.fml.loading.moddiscovery.ModListHandler/CORE]: Found mod coordinates from lists: []
[08ene2025 09:25:10.115] [main/DEBUG] [net.minecraftforge.fml.loading.moddiscovery.ModDiscoverer/CORE]: Found Mod Locators : (mods folder:null),(maven libs:null),(exploded directory:null),(minecraft:null),(userdev classpath:null)
[08ene2025 09:25:10.116] [main/DEBUG] [net.minecraftforge.fml.loading.moddiscovery.ModDiscoverer/CORE]: Found Dependency Locators : (JarInJar:null)
[08ene2025 09:25:10.120] [main/DEBUG] [net.minecraftforge.fml.loading.targets.CommonLaunchHandler/CORE]: Got mod coordinates miprimermod%%/Users/pedromrtz/Desktop/TFG/TFGMinecraft/mi_primer_mod/build/resources/main:miprimermod%%/Users/pedromrtz/Desktop/TFG/TFGMinecraft/mi_primer_mod/build/classes/java/main from env
[08ene2025 09:25:10.123] [main/DEBUG] [net.minecraftforge.fml.loading.targets.CommonLaunchHandler/CORE]: Found supplied mod coordinates [{miprimermod=[/Users/pedromrtz/Desktop/TFG/TFGMinecraft/mi_primer_mod/build/resources/main, /Users/pedromrtz/Desktop/TFG/TFGMinecraft/mi_primer_mod/build/classes/java/main]}]
[08ene2025 09:25:10.676] [main/DEBUG] [net.minecraftforge.fml.loading.moddiscovery.ModFileInfo/LOADING]: Found valid mod file forge-1.19-41.1.0_mapped_official_1.19.jar with {minecraft} mods - versions {1.19}
[08ene2025 09:25:10.678] [main/DEBUG] [net.minecraftforge.fml.loading.moddiscovery.ModFileParser/LOADING]: Considering mod file candidate /Users/pedromrtz/.gradle/caches/modules-2/files-2.1/net.minecraftforge/javafmllanguage/1.19-41.1.0/be32fef2bf3091b53308e5a1b1930169dd34136c/javafmllanguage-1.19-41.1.0.jar
[08ene2025 09:25:10.678] [main/WARN] [net.minecraftforge.fml.loading.moddiscovery.ModFileParser/LOADING]: Mod file /Users/pedromrtz/.gradle/caches/modules-2/files-2.1/net.minecraftforge/javafmllanguage/1.19-41.1.0/be32fef2bf3091b53308e5a1b1930169dd34136c/javafmllanguage-1.19-41.1.0.jar is missing mods.toml file
[08ene2025 09:25:10.679] [main/DEBUG] [net.minecraftforge.fml.loading.moddiscovery.ModFileParser/LOADING]: Considering mod file candidate /Users/pedromrtz/.gradle/caches/modules-2/files-2.1/net.minecraftforge/lowcodelanguage/1.19-41.1.0/887bff594c934cc4088c9c867db193b8537ee1f6/lowcodelanguage-1.19-41.1.0.jar
[08ene2025 09:25:10.680] [main/WARN] [net.minecraftforge.fml.loading.moddiscovery.ModFileParser/LOADING]: Mod file /Users/pedromrtz/.gradle/caches/modules-2/files-2.1/net.minecraftforge/lowcodelanguage/1.19-41.1.0/887bff594c934cc4088c9c867db193b8537ee1f6/lowcodelanguage-1.19-41.1.0.jar is missing mods.toml file
[08ene2025 09:25:10.681] [main/DEBUG] [net.minecraftforge.fml.loading.moddiscovery.ModFileParser/LOADING]: Considering mod file candidate /Users/pedromrtz/.gradle/caches/modules-2/files-2.1/net.minecraftforge/mclanguage/1.19-41.1.0/48ae61dcde926300da0c051d88c072ef1dc71ebb/mclanguage-1.19-41.1.0.jar
[08ene2025 09:25:10.681] [main/WARN] [net.minecraftforge.fml.loading.moddiscovery.ModFileParser/LOADING]: Mod file /Users/pedromrtz/.gradle/caches/modules-2/files-2.1/net.minecraftforge/mclanguage/1.19-41.1.0/48ae61dcde926300da0c051d88c072ef1dc71ebb/mclanguage-1.19-41.1.0.jar is missing mods.toml file
[08ene2025 09:25:10.682] [main/DEBUG] [net.minecraftforge.fml.loading.moddiscovery.ModFileParser/LOADING]: Considering mod file candidate /Users/pedromrtz/.gradle/caches/modules-2/files-2.1/net.minecraftforge/fmlcore/1.19-41.1.0/a11d8b3111ba256064745a6a79f7fee189751152/fmlcore-1.19-41.1.0.jar
[08ene2025 09:25:10.683] [main/WARN] [net.minecraftforge.fml.loading.moddiscovery.ModFileParser/LOADING]: Mod file /Users/pedromrtz/.gradle/caches/modules-2/files-2.1/net.minecraftforge/fmlcore/1.19-41.1.0/a11d8b3111ba256064745a6a79f7fee189751152/fmlcore-1.19-41.1.0.jar is missing mods.toml file
[08ene2025 09:25:10.686] [main/DEBUG] [net.minecraftforge.fml.loading.moddiscovery.ModFileParser/LOADING]: Considering mod file candidate /Users/pedromrtz/Desktop/TFG/TFGMinecraft/mi_primer_mod/build/resources/main
[08ene2025 09:25:10.696] [main/DEBUG] [net.minecraftforge.fml.loading.moddiscovery.ModFileInfo/LOADING]: Found valid mod file main with {miprimermod} mods - versions {1.0.0.0}
[08ene2025 09:25:10.699] [main/DEBUG] [net.minecraftforge.fml.loading.moddiscovery.ModFileParser/LOADING]: Considering mod file candidate /
[08ene2025 09:25:10.701] [main/DEBUG] [net.minecraftforge.fml.loading.moddiscovery.ModFileInfo/LOADING]: Found valid mod file  with {forge} mods - versions {41.1.0}
[08ene2025 09:25:10.746] [main/DEBUG] [net.minecraftforge.fml.loading.moddiscovery.AbstractJarFileDependencyLocator/]: Failed to load resource META-INF/jarjar/metadata.json from forge-1.19-41.1.0_mapped_official_1.19.jar, it does not contain dependency information.
[08ene2025 09:25:10.746] [main/DEBUG] [net.minecraftforge.fml.loading.moddiscovery.AbstractJarFileDependencyLocator/]: Failed to load resource META-INF/jarjar/metadata.json from , it does not contain dependency information.
[08ene2025 09:25:10.747] [main/DEBUG] [net.minecraftforge.fml.loading.moddiscovery.AbstractJarFileDependencyLocator/]: Failed to load resource META-INF/jarjar/metadata.json from main, it does not contain dependency information.
[08ene2025 09:25:10.747] [main/DEBUG] [net.minecraftforge.fml.loading.moddiscovery.AbstractJarFileDependencyLocator/]: Failed to load resource META-INF/jarjar/metadata.json from mclanguage-1.19-41.1.0.jar, it does not contain dependency information.
[08ene2025 09:25:10.748] [main/DEBUG] [net.minecraftforge.fml.loading.moddiscovery.AbstractJarFileDependencyLocator/]: Failed to load resource META-INF/jarjar/metadata.json from javafmllanguage-1.19-41.1.0.jar, it does not contain dependency information.
[08ene2025 09:25:10.748] [main/DEBUG] [net.minecraftforge.fml.loading.moddiscovery.AbstractJarFileDependencyLocator/]: Failed to load resource META-INF/jarjar/metadata.json from fmlcore-1.19-41.1.0.jar, it does not contain dependency information.
[08ene2025 09:25:10.748] [main/DEBUG] [net.minecraftforge.fml.loading.moddiscovery.AbstractJarFileDependencyLocator/]: Failed to load resource META-INF/jarjar/metadata.json from lowcodelanguage-1.19-41.1.0.jar, it does not contain dependency information.
[08ene2025 09:25:10.775] [main/INFO] [net.minecraftforge.fml.loading.moddiscovery.JarInJarDependencyLocator/]: No dependencies to load found. Skipping!
[08ene2025 09:25:10.777] [main/DEBUG] [net.minecraftforge.fml.loading.moddiscovery.ModFileInfo/LOADING]: Found valid mod file forge-1.19-41.1.0_mapped_official_1.19.jar with {minecraft} mods - versions {1.19}
[08ene2025 09:25:10.779] [main/DEBUG] [net.minecraftforge.fml.loading.moddiscovery.ModFile/LOADING]: Loading mod file /Users/pedromrtz/.gradle/caches/forge_gradle/minecraft_user_repo/net/minecraftforge/forge/1.19-41.1.0_mapped_official_1.19/forge-1.19-41.1.0_mapped_official_1.19.jar with languages [LanguageSpec[languageName=minecraft, acceptedVersions=1]]
[08ene2025 09:25:10.780] [main/DEBUG] [net.minecraftforge.fml.loading.moddiscovery.ModFileParser/LOADING]: Considering mod file candidate /
[08ene2025 09:25:10.781] [main/DEBUG] [net.minecraftforge.fml.loading.moddiscovery.ModFileInfo/LOADING]: Found valid mod file  with {forge} mods - versions {41.1.0}
[08ene2025 09:25:10.782] [main/DEBUG] [net.minecraftforge.fml.loading.moddiscovery.ModFile/LOADING]: Loading mod file / with languages [LanguageSpec[languageName=javafml, acceptedVersions=[24,]]]
[08ene2025 09:25:10.809] [main/DEBUG] [net.minecraftforge.fml.loading.moddiscovery.ModFileParser/LOADING]: Found coremod field_to_method with Javascript path coremods/field_to_method.js
[08ene2025 09:25:10.809] [main/DEBUG] [net.minecraftforge.fml.loading.moddiscovery.ModFileParser/LOADING]: Found coremod field_to_instanceof with Javascript path coremods/field_to_instanceof.js
[08ene2025 09:25:10.809] [main/DEBUG] [net.minecraftforge.fml.loading.moddiscovery.ModFileParser/LOADING]: Found coremod add_bouncer_method with Javascript path coremods/add_bouncer_method.js
[08ene2025 09:25:10.809] [main/DEBUG] [net.minecraftforge.fml.loading.moddiscovery.ModFile/LOADING]: Found coremod coremods/field_to_method.js
[08ene2025 09:25:10.809] [main/DEBUG] [net.minecraftforge.fml.loading.moddiscovery.ModFile/LOADING]: Found coremod coremods/field_to_instanceof.js
[08ene2025 09:25:10.810] [main/DEBUG] [net.minecraftforge.fml.loading.moddiscovery.ModFile/LOADING]: Found coremod coremods/add_bouncer_method.js
[08ene2025 09:25:10.810] [main/DEBUG] [net.minecraftforge.fml.loading.moddiscovery.ModFileParser/LOADING]: Considering mod file candidate /Users/pedromrtz/Desktop/TFG/TFGMinecraft/mi_primer_mod/build/resources/main
[08ene2025 09:25:10.811] [main/DEBUG] [net.minecraftforge.fml.loading.moddiscovery.ModFileInfo/LOADING]: Found valid mod file main with {miprimermod} mods - versions {1.0.0.0}
[08ene2025 09:25:10.812] [main/DEBUG] [net.minecraftforge.fml.loading.moddiscovery.ModFile/LOADING]: Loading mod file /Users/pedromrtz/Desktop/TFG/TFGMinecraft/mi_primer_mod/build/resources/main with languages [LanguageSpec[languageName=javafml, acceptedVersions=[41,)]]
[08ene2025 09:25:10.813] [main/DEBUG] [cpw.mods.modlauncher.TransformationServiceDecorator/MODLAUNCHER]: End scan trigger - transformation service fml
[08ene2025 09:25:10.823] [main/DEBUG] [net.minecraftforge.fml.loading.LanguageLoadingProvider/CORE]: Found 3 language providers
[08ene2025 09:25:10.823] [main/DEBUG] [net.minecraftforge.fml.loading.LanguageLoadingProvider/CORE]: Found language provider minecraft, version 1.0
[08ene2025 09:25:10.824] [main/DEBUG] [net.minecraftforge.fml.loading.LanguageLoadingProvider/CORE]: Found language provider lowcodefml, version 41
[08ene2025 09:25:10.824] [main/DEBUG] [net.minecraftforge.fml.loading.LanguageLoadingProvider/CORE]: Found language provider javafml, version 41
[08ene2025 09:25:10.838] [main/DEBUG] [net.minecraftforge.fml.loading.ModSorter/]: Configured system mods: [minecraft, forge]
[08ene2025 09:25:10.838] [main/DEBUG] [net.minecraftforge.fml.loading.ModSorter/]: Found system mod: minecraft
[08ene2025 09:25:10.838] [main/DEBUG] [net.minecraftforge.fml.loading.ModSorter/]: Found system mod: forge
[08ene2025 09:25:10.844] [main/DEBUG] [net.minecraftforge.fml.loading.ModSorter/LOADING]: Found 2 mod requirements (2 mandatory, 0 optional)
[08ene2025 09:25:10.847] [main/DEBUG] [net.minecraftforge.fml.loading.ModSorter/LOADING]: Found 0 mod requirements missing (0 mandatory, 0 optional)
[08ene2025 09:25:11.422] [main/DEBUG] [net.minecraftforge.fml.loading.MCPNamingService/CORE]: Loaded 0 method mappings from methods.csv
[08ene2025 09:25:11.426] [main/DEBUG] [net.minecraftforge.fml.loading.MCPNamingService/CORE]: Loaded 0 field mappings from fields.csv
[08ene2025 09:25:11.557] [main/DEBUG] [cpw.mods.modlauncher.TransformationServicesHandler/MODLAUNCHER]: Transformation services loading transformers
[08ene2025 09:25:11.558] [main/DEBUG] [cpw.mods.modlauncher.TransformationServiceDecorator/MODLAUNCHER]: Initializing transformers for transformation service mixin
[08ene2025 09:25:11.558] [main/DEBUG] [cpw.mods.modlauncher.TransformationServiceDecorator/MODLAUNCHER]: Initialized transformers for transformation service mixin
[08ene2025 09:25:11.558] [main/DEBUG] [cpw.mods.modlauncher.TransformationServiceDecorator/MODLAUNCHER]: Initializing transformers for transformation service fml
[08ene2025 09:25:11.559] [main/DEBUG] [net.minecraftforge.fml.loading.FMLServiceProvider/CORE]: Loading coremod transformers
[08ene2025 09:25:11.559] [main/DEBUG] [net.minecraftforge.coremod.CoreModEngine/COREMOD]: Loading CoreMod from coremods/field_to_method.js
[08ene2025 09:25:11.726] [main/DEBUG] [net.minecraftforge.coremod.CoreModEngine/COREMOD]: CoreMod loaded successfully
[08ene2025 09:25:11.726] [main/DEBUG] [net.minecraftforge.coremod.CoreModEngine/COREMOD]: Loading CoreMod from coremods/field_to_instanceof.js
[08ene2025 09:25:11.791] [main/DEBUG] [net.minecraftforge.coremod.CoreModEngine/COREMOD]: CoreMod loaded successfully
[08ene2025 09:25:11.791] [main/DEBUG] [net.minecraftforge.coremod.CoreModEngine/COREMOD]: Loading CoreMod from coremods/add_bouncer_method.js
[08ene2025 09:25:11.828] [main/DEBUG] [net.minecraftforge.coremod.CoreModEngine/COREMOD]: CoreMod loaded successfully
[08ene2025 09:25:11.836] [main/DEBUG] [cpw.mods.modlauncher.TransformStore/MODLAUNCHER]: Adding transformer net.minecraftforge.coremod.transformer.CoreModClassTransformer@72f8ae0c to Target : CLASS {Lnet/minecraft/world/level/biome/Biome;} {} {V}
[08ene2025 09:25:11.837] [main/DEBUG] [cpw.mods.modlauncher.TransformStore/MODLAUNCHER]: Adding transformer net.minecraftforge.coremod.transformer.CoreModClassTransformer@25d93198 to Target : CLASS {Lnet/minecraft/world/level/levelgen/structure/Structure;} {} {V}
[08ene2025 09:25:11.837] [main/DEBUG] [cpw.mods.modlauncher.TransformStore/MODLAUNCHER]: Adding transformer net.minecraftforge.coremod.transformer.CoreModClassTransformer@2436ea2f to Target : CLASS {Lnet/minecraft/world/effect/MobEffectInstance;} {} {V}
[08ene2025 09:25:11.837] [main/DEBUG] [cpw.mods.modlauncher.TransformStore/MODLAUNCHER]: Adding transformer net.minecraftforge.coremod.transformer.CoreModClassTransformer@f951a7f to Target : CLASS {Lnet/minecraft/world/level/block/LiquidBlock;} {} {V}
[08ene2025 09:25:11.837] [main/DEBUG] [cpw.mods.modlauncher.TransformStore/MODLAUNCHER]: Adding transformer net.minecraftforge.coremod.transformer.CoreModClassTransformer@20cece0b to Target : CLASS {Lnet/minecraft/world/item/BucketItem;} {} {V}
[08ene2025 09:25:11.837] [main/DEBUG] [cpw.mods.modlauncher.TransformStore/MODLAUNCHER]: Adding transformer net.minecraftforge.coremod.transformer.CoreModClassTransformer@4c777e7b to Target : CLASS {Lnet/minecraft/world/level/block/StairBlock;} {} {V}
[08ene2025 09:25:11.844] [main/DEBUG] [cpw.mods.modlauncher.TransformStore/MODLAUNCHER]: Adding transformer net.minecraftforge.coremod.transformer.CoreModClassTransformer@5f038248 to Target : CLASS {Lnet/minecraft/world/level/block/FlowerPotBlock;} {} {V}
[08ene2025 09:25:11.844] [main/DEBUG] [cpw.mods.modlauncher.TransformStore/MODLAUNCHER]: Adding transformer net.minecraftforge.coremod.transformer.CoreModClassTransformer@78e22d35 to Target : CLASS {Lnet/minecraft/world/item/ItemStack;} {} {V}
[08ene2025 09:25:11.844] [main/DEBUG] [cpw.mods.modlauncher.TransformStore/MODLAUNCHER]: Adding transformer net.minecraftforge.coremod.transformer.CoreModClassTransformer@2e8a1ab4 to Target : CLASS {Lnet/minecraft/network/play/client/CClientSettingsPacket;} {} {V}
[08ene2025 09:25:11.844] [main/DEBUG] [cpw.mods.modlauncher.TransformationServiceDecorator/MODLAUNCHER]: Initialized transformers for transformation service fml
[08ene2025 09:25:12.307] [main/DEBUG] [mixin/]: Processing prepare() for PlatformAgent[MixinPlatformAgentDefault:ModLauncher Root Container(ModLauncher:4f56a0a2)]
[08ene2025 09:25:12.307] [main/DEBUG] [mixin/]: Processing launch tasks for PlatformAgent[MixinPlatformAgentDefault:ModLauncher Root Container(ModLauncher:4f56a0a2)]
[08ene2025 09:25:12.308] [main/DEBUG] [mixin/]: Adding mixin platform agents for container SecureJarResource(minecraft)
[08ene2025 09:25:12.308] [main/DEBUG] [mixin/]: Instancing new MixinPlatformAgentMinecraftForge for SecureJarResource(minecraft)
[08ene2025 09:25:12.308] [main/DEBUG] [mixin/]: MixinPlatformAgentMinecraftForge rejected container SecureJarResource(minecraft)
[08ene2025 09:25:12.308] [main/DEBUG] [mixin/]: Instancing new MixinPlatformAgentDefault for SecureJarResource(minecraft)
[08ene2025 09:25:12.308] [main/DEBUG] [mixin/]: MixinPlatformAgentDefault accepted container SecureJarResource(minecraft)
[08ene2025 09:25:12.308] [main/DEBUG] [mixin/]: Processing prepare() for PlatformAgent[MixinPlatformAgentDefault:SecureJarResource(minecraft)]
[08ene2025 09:25:12.309] [main/DEBUG] [mixin/]: Adding mixin platform agents for container SecureJarResource(forge)
[08ene2025 09:25:12.309] [main/DEBUG] [mixin/]: Instancing new MixinPlatformAgentMinecraftForge for SecureJarResource(forge)
[08ene2025 09:25:12.309] [main/DEBUG] [mixin/]: MixinPlatformAgentMinecraftForge rejected container SecureJarResource(forge)
[08ene2025 09:25:12.309] [main/DEBUG] [mixin/]: Instancing new MixinPlatformAgentDefault for SecureJarResource(forge)
[08ene2025 09:25:12.310] [main/DEBUG] [mixin/]: MixinPlatformAgentDefault accepted container SecureJarResource(forge)
[08ene2025 09:25:12.310] [main/DEBUG] [mixin/]: Processing prepare() for PlatformAgent[MixinPlatformAgentDefault:SecureJarResource(forge)]
[08ene2025 09:25:12.310] [main/DEBUG] [mixin/]: Adding mixin platform agents for container SecureJarResource(miprimermod)
[08ene2025 09:25:12.310] [main/DEBUG] [mixin/]: Instancing new MixinPlatformAgentMinecraftForge for SecureJarResource(miprimermod)
[08ene2025 09:25:12.310] [main/DEBUG] [mixin/]: MixinPlatformAgentMinecraftForge rejected container SecureJarResource(miprimermod)
[08ene2025 09:25:12.310] [main/DEBUG] [mixin/]: Instancing new MixinPlatformAgentDefault for SecureJarResource(miprimermod)
[08ene2025 09:25:12.311] [main/DEBUG] [mixin/]: MixinPlatformAgentDefault accepted container SecureJarResource(miprimermod)
[08ene2025 09:25:12.311] [main/DEBUG] [mixin/]: Processing prepare() for PlatformAgent[MixinPlatformAgentDefault:SecureJarResource(miprimermod)]
[08ene2025 09:25:12.311] [main/DEBUG] [mixin/]: inject() running with 4 agents
[08ene2025 09:25:12.311] [main/DEBUG] [mixin/]: Processing inject() for PlatformAgent[MixinPlatformAgentDefault:ModLauncher Root Container(ModLauncher:4f56a0a2)]
[08ene2025 09:25:12.311] [main/DEBUG] [mixin/]: Processing inject() for PlatformAgent[MixinPlatformAgentDefault:SecureJarResource(minecraft)]
[08ene2025 09:25:12.311] [main/DEBUG] [mixin/]: Processing inject() for PlatformAgent[MixinPlatformAgentDefault:SecureJarResource(forge)]
[08ene2025 09:25:12.311] [main/DEBUG] [mixin/]: Processing inject() for PlatformAgent[MixinPlatformAgentDefault:SecureJarResource(miprimermod)]
[08ene2025 09:25:12.312] [main/INFO] [cpw.mods.modlauncher.LaunchServiceHandler/MODLAUNCHER]: Launching target 'forgeclientuserdev' with arguments [--version, MOD_DEV, --gameDir, ., --assetsDir, /Users/pedromrtz/.gradle/caches/forge_gradle/assets, --assetIndex, 1.19]
[08ene2025 09:25:12.351] [main/DEBUG] [mixin/]: Error cleaning class output directory: .mixin.out
[08ene2025 09:25:12.352] [main/DEBUG] [mixin/]: Preparing mixins for MixinEnvironment[DEFAULT]
[08ene2025 09:25:12.382] [main/DEBUG] [io.netty.util.internal.logging.InternalLoggerFactory/]: Using SLF4J as the default logging framework
[08ene2025 09:25:12.383] [main/DEBUG] [io.netty.util.ResourceLeakDetector/]: -Dio.netty.leakDetection.level: simple
[08ene2025 09:25:12.383] [main/DEBUG] [io.netty.util.ResourceLeakDetector/]: -Dio.netty.leakDetection.targetRecords: 4
[08ene2025 09:25:12.498] [main/DEBUG] [oshi.util.FileUtil/]: No oshi.properties file found from ClassLoader cpw.mods.modlauncher.TransformingClassLoader@2d9dff65
[08ene2025 09:25:12.499] [main/DEBUG] [oshi.util.FileUtil/]: No oshi.properties file found from ClassLoader jdk.internal.loader.ClassLoaders$AppClassLoader@60e53b93
[08ene2025 09:25:13.190] [main/DEBUG] [oshi.util.FileUtil/]: No oshi.architecture.properties file found from ClassLoader cpw.mods.modlauncher.TransformingClassLoader@2d9dff65
[08ene2025 09:25:13.191] [main/DEBUG] [oshi.util.FileUtil/]: No oshi.architecture.properties file found from ClassLoader jdk.internal.loader.ClassLoaders$AppClassLoader@60e53b93
[08ene2025 09:25:14.171] [pool-3-thread-1/DEBUG] [net.minecraftforge.coremod.transformer.CoreModBaseTransformer/COREMOD]: Transforming net/minecraft/world/level/levelgen/structure/Structure
[08ene2025 09:25:14.178] [pool-3-thread-1/ERROR] [net.minecraftforge.coremod.transformer.CoreModBaseTransformer/COREMOD]: Error occurred applying transform of coremod coremods/field_to_method.js function structure
java.lang.IllegalStateException: No field with name f_226555_ found
	at net.minecraftforge.coremod.api.ASMAPI.redirectFieldToMethod(ASMAPI.java:257) ~[coremods-5.0.1.jar%23101!/:?]
	at org.openjdk.nashorn.internal.scripts.Script$Recompilation$8$805A$\^eval\_.initializeCoreMod#transformer-1(<eval>:22) ~[?:?]
	at org.openjdk.nashorn.internal.runtime.ScriptFunctionData.invoke(ScriptFunctionData.java:648) ~[nashorn-core-15.3.jar%23106!/:?]
	at org.openjdk.nashorn.internal.runtime.ScriptFunction.invoke(ScriptFunction.java:513) ~[nashorn-core-15.3.jar%23106!/:?]
	at org.openjdk.nashorn.internal.runtime.ScriptRuntime.apply(ScriptRuntime.java:520) ~[nashorn-core-15.3.jar%23106!/:?]
	at org.openjdk.nashorn.api.scripting.ScriptObjectMirror.call(ScriptObjectMirror.java:111) ~[nashorn-core-15.3.jar%23106!/:?]
	at net.minecraftforge.coremod.NashornFactory.lambda$getFunction$0(NashornFactory.java:18) ~[coremods-5.0.1.jar%23101!/:5.0.1+15+master.dc5a2922]
	at net.minecraftforge.coremod.transformer.CoreModClassTransformer.runCoremod(CoreModClassTransformer.java:18) ~[coremods-5.0.1.jar%23101!/:?]
	at net.minecraftforge.coremod.transformer.CoreModClassTransformer.runCoremod(CoreModClassTransformer.java:10) ~[coremods-5.0.1.jar%23101!/:?]
	at net.minecraftforge.coremod.transformer.CoreModBaseTransformer.transform(CoreModBaseTransformer.java:38) ~[coremods-5.0.1.jar%23101!/:?]
	at cpw.mods.modlauncher.TransformerHolder.transform(TransformerHolder.java:41) ~[modlauncher-10.0.9.jar%23105!/:?]
	at cpw.mods.modlauncher.ClassTransformer.performVote(ClassTransformer.java:179) ~[modlauncher-10.0.9.jar%23105!/:?]
	at cpw.mods.modlauncher.ClassTransformer.transform(ClassTransformer.java:117) ~[modlauncher-10.0.9.jar%23105!/:?]
	at cpw.mods.modlauncher.TransformingClassLoader.maybeTransformClassBytes(TransformingClassLoader.java:50) ~[modlauncher-10.0.9.jar%23105!/:?]
	at cpw.mods.cl.ModuleClassLoader.readerToClass(ModuleClassLoader.java:113) ~[securejarhandler-2.1.4.jar:?]
	at cpw.mods.cl.ModuleClassLoader.lambda$findClass$15(ModuleClassLoader.java:219) ~[securejarhandler-2.1.4.jar:?]
	at cpw.mods.cl.ModuleClassLoader.loadFromModule(ModuleClassLoader.java:229) ~[securejarhandler-2.1.4.jar:?]
	at cpw.mods.cl.ModuleClassLoader.findClass(ModuleClassLoader.java:219) ~[securejarhandler-2.1.4.jar:?]
	at cpw.mods.cl.ModuleClassLoader.loadClass(ModuleClassLoader.java:135) ~[securejarhandler-2.1.4.jar:?]
	at java.lang.ClassLoader.loadClass(ClassLoader.java:520) ~[?:?]
	at net.minecraft.data.BuiltinRegistries.<clinit>(BuiltinRegistries.java:57) ~[forge-1.19-41.1.0_mapped_official_1.19.jar%23179!/:?]
	at net.minecraft.core.Registry.<clinit>(Registry.java:665) ~[forge-1.19-41.1.0_mapped_official_1.19.jar%23179!/:?]
	at net.minecraft.server.Bootstrap.bootStrap(Bootstrap.java:43) ~[forge-1.19-41.1.0_mapped_official_1.19.jar%23179!/:?]
	at net.minecraft.client.main.Main.lambda$main$0(Main.java:139) ~[forge-1.19-41.1.0_mapped_official_1.19.jar%23179!/:?]
	at java.util.concurrent.Executors$RunnableAdapter.call(Executors.java:539) [?:?]
	at java.util.concurrent.FutureTask.run(FutureTask.java:264) [?:?]
	at java.util.concurrent.ThreadPoolExecutor.runWorker(ThreadPoolExecutor.java:1136) [?:?]
	at java.util.concurrent.ThreadPoolExecutor$Worker.run(ThreadPoolExecutor.java:635) [?:?]
	at java.lang.Thread.run(Thread.java:842) [?:?]
[08ene2025 09:25:14.251] [pool-3-thread-1/DEBUG] [net.minecraftforge.coremod.transformer.CoreModBaseTransformer/COREMOD]: Transforming net/minecraft/world/level/block/LiquidBlock
[08ene2025 09:25:14.254] [pool-3-thread-1/ERROR] [net.minecraftforge.coremod.transformer.CoreModBaseTransformer/COREMOD]: Error occurred applying transform of coremod coremods/field_to_method.js function flowing_fluid_block
java.lang.IllegalStateException: No field with name f_54689_ found
	at net.minecraftforge.coremod.api.ASMAPI.redirectFieldToMethod(ASMAPI.java:257) ~[coremods-5.0.1.jar%23101!/:?]
	at org.openjdk.nashorn.internal.scripts.Script$Recompilation$9$1602A$\^eval\_.initializeCoreMod#transformer-3(<eval>:42) ~[?:?]
	at org.openjdk.nashorn.internal.runtime.ScriptFunctionData.invoke(ScriptFunctionData.java:648) ~[nashorn-core-15.3.jar%23106!/:?]
	at org.openjdk.nashorn.internal.runtime.ScriptFunction.invoke(ScriptFunction.java:513) ~[nashorn-core-15.3.jar%23106!/:?]
	at org.openjdk.nashorn.internal.runtime.ScriptRuntime.apply(ScriptRuntime.java:520) ~[nashorn-core-15.3.jar%23106!/:?]
	at org.openjdk.nashorn.api.scripting.ScriptObjectMirror.call(ScriptObjectMirror.java:111) ~[nashorn-core-15.3.jar%23106!/:?]
	at net.minecraftforge.coremod.NashornFactory.lambda$getFunction$0(NashornFactory.java:18) ~[coremods-5.0.1.jar%23101!/:5.0.1+15+master.dc5a2922]
	at net.minecraftforge.coremod.transformer.CoreModClassTransformer.runCoremod(CoreModClassTransformer.java:18) ~[coremods-5.0.1.jar%23101!/:?]
	at net.minecraftforge.coremod.transformer.CoreModClassTransformer.runCoremod(CoreModClassTransformer.java:10) ~[coremods-5.0.1.jar%23101!/:?]
	at net.minecraftforge.coremod.transformer.CoreModBaseTransformer.transform(CoreModBaseTransformer.java:38) ~[coremods-5.0.1.jar%23101!/:?]
	at cpw.mods.modlauncher.TransformerHolder.transform(TransformerHolder.java:41) ~[modlauncher-10.0.9.jar%23105!/:?]
	at cpw.mods.modlauncher.ClassTransformer.performVote(ClassTransformer.java:179) ~[modlauncher-10.0.9.jar%23105!/:?]
	at cpw.mods.modlauncher.ClassTransformer.transform(ClassTransformer.java:117) ~[modlauncher-10.0.9.jar%23105!/:?]
	at cpw.mods.modlauncher.TransformingClassLoader.maybeTransformClassBytes(TransformingClassLoader.java:50) ~[modlauncher-10.0.9.jar%23105!/:?]
	at cpw.mods.cl.ModuleClassLoader.readerToClass(ModuleClassLoader.java:113) ~[securejarhandler-2.1.4.jar:?]
	at cpw.mods.cl.ModuleClassLoader.lambda$findClass$15(ModuleClassLoader.java:219) ~[securejarhandler-2.1.4.jar:?]
	at cpw.mods.cl.ModuleClassLoader.loadFromModule(ModuleClassLoader.java:229) ~[securejarhandler-2.1.4.jar:?]
	at cpw.mods.cl.ModuleClassLoader.findClass(ModuleClassLoader.java:219) ~[securejarhandler-2.1.4.jar:?]
	at cpw.mods.cl.ModuleClassLoader.loadClass(ModuleClassLoader.java:135) ~[securejarhandler-2.1.4.jar:?]
	at java.lang.ClassLoader.loadClass(ClassLoader.java:520) ~[?:?]
	at net.minecraft.world.level.levelgen.carver.CarverDebugSettings.<clinit>(CarverDebugSettings.java:9) ~[forge-1.19-41.1.0_mapped_official_1.19.jar%23179!/:?]
	at net.minecraft.world.level.levelgen.carver.CarverConfiguration.lambda$static$6(CarverConfiguration.java:20) ~[forge-1.19-41.1.0_mapped_official_1.19.jar%23179!/:?]
	at com.mojang.serialization.codecs.RecordCodecBuilder.mapCodec(RecordCodecBuilder.java:76) ~[datafixerupper-5.0.28.jar%23144!/:?]
	at net.minecraft.world.level.levelgen.carver.CarverConfiguration.<clinit>(CarverConfiguration.java:16) ~[forge-1.19-41.1.0_mapped_official_1.19.jar%23179!/:?]
	at net.minecraft.world.level.levelgen.carver.WorldCarver.<clinit>(WorldCarver.java:32) ~[forge-1.19-41.1.0_mapped_official_1.19.jar%23179!/:?]
	at net.minecraft.data.worldgen.Carvers.<clinit>(Carvers.java:21) ~[forge-1.19-41.1.0_mapped_official_1.19.jar%23179!/:?]
	at net.minecraft.data.BuiltinRegistries.lambda$static$0(BuiltinRegistries.java:53) ~[forge-1.19-41.1.0_mapped_official_1.19.jar%23179!/:?]
	at net.minecraft.data.BuiltinRegistries.lambda$internalRegister$2(BuiltinRegistries.java:87) ~[forge-1.19-41.1.0_mapped_official_1.19.jar%23179!/:?]
	at net.minecraft.data.BuiltinRegistries.lambda$static$3(BuiltinRegistries.java:114) ~[forge-1.19-41.1.0_mapped_official_1.19.jar%23179!/:?]
	at java.util.LinkedHashMap.forEach(LinkedHashMap.java:721) ~[?:?]
	at net.minecraft.data.BuiltinRegistries.<clinit>(BuiltinRegistries.java:113) ~[forge-1.19-41.1.0_mapped_official_1.19.jar%23179!/:?]
	at net.minecraft.core.Registry.<clinit>(Registry.java:665) ~[forge-1.19-41.1.0_mapped_official_1.19.jar%23179!/:?]
	at net.minecraft.server.Bootstrap.bootStrap(Bootstrap.java:43) ~[forge-1.19-41.1.0_mapped_official_1.19.jar%23179!/:?]
	at net.minecraft.client.main.Main.lambda$main$0(Main.java:139) ~[forge-1.19-41.1.0_mapped_official_1.19.jar%23179!/:?]
	at java.util.concurrent.Executors$RunnableAdapter.call(Executors.java:539) [?:?]
	at java.util.concurrent.FutureTask.run(FutureTask.java:264) [?:?]
	at java.util.concurrent.ThreadPoolExecutor.runWorker(ThreadPoolExecutor.java:1136) [?:?]
	at java.util.concurrent.ThreadPoolExecutor$Worker.run(ThreadPoolExecutor.java:635) [?:?]
	at java.lang.Thread.run(Thread.java:842) [?:?]
[08ene2025 09:25:14.280] [pool-3-thread-1/DEBUG] [net.minecraftforge.coremod.transformer.CoreModBaseTransformer/COREMOD]: Transforming net/minecraft/world/level/block/StairBlock
[08ene2025 09:25:14.284] [pool-3-thread-1/ERROR] [net.minecraftforge.coremod.transformer.CoreModBaseTransformer/COREMOD]: Error occurred applying transform of coremod coremods/field_to_method.js function stairsblock
java.lang.IllegalStateException: No field with name f_56858_ found
	at net.minecraftforge.coremod.api.ASMAPI.redirectFieldToMethod(ASMAPI.java:257) ~[coremods-5.0.1.jar%23101!/:?]
	at org.openjdk.nashorn.internal.scripts.Script$Recompilation$10$2336A$\^eval\_.initializeCoreMod#transformer-5(<eval>:62) ~[?:?]
	at org.openjdk.nashorn.internal.runtime.ScriptFunctionData.invoke(ScriptFunctionData.java:648) ~[nashorn-core-15.3.jar%23106!/:?]
	at org.openjdk.nashorn.internal.runtime.ScriptFunction.invoke(ScriptFunction.java:513) ~[nashorn-core-15.3.jar%23106!/:?]
	at org.openjdk.nashorn.internal.runtime.ScriptRuntime.apply(ScriptRuntime.java:520) ~[nashorn-core-15.3.jar%23106!/:?]
	at org.openjdk.nashorn.api.scripting.ScriptObjectMirror.call(ScriptObjectMirror.java:111) ~[nashorn-core-15.3.jar%23106!/:?]
	at net.minecraftforge.coremod.NashornFactory.lambda$getFunction$0(NashornFactory.java:18) ~[coremods-5.0.1.jar%23101!/:5.0.1+15+master.dc5a2922]
	at net.minecraftforge.coremod.transformer.CoreModClassTransformer.runCoremod(CoreModClassTransformer.java:18) ~[coremods-5.0.1.jar%23101!/:?]
	at net.minecraftforge.coremod.transformer.CoreModClassTransformer.runCoremod(CoreModClassTransformer.java:10) ~[coremods-5.0.1.jar%23101!/:?]
	at net.minecraftforge.coremod.transformer.CoreModBaseTransformer.transform(CoreModBaseTransformer.java:38) ~[coremods-5.0.1.jar%23101!/:?]
	at cpw.mods.modlauncher.TransformerHolder.transform(TransformerHolder.java:41) ~[modlauncher-10.0.9.jar%23105!/:?]
	at cpw.mods.modlauncher.ClassTransformer.performVote(ClassTransformer.java:179) ~[modlauncher-10.0.9.jar%23105!/:?]
	at cpw.mods.modlauncher.ClassTransformer.transform(ClassTransformer.java:117) ~[modlauncher-10.0.9.jar%23105!/:?]
	at cpw.mods.modlauncher.TransformingClassLoader.maybeTransformClassBytes(TransformingClassLoader.java:50) ~[modlauncher-10.0.9.jar%23105!/:?]
	at cpw.mods.cl.ModuleClassLoader.readerToClass(ModuleClassLoader.java:113) ~[securejarhandler-2.1.4.jar:?]
	at cpw.mods.cl.ModuleClassLoader.lambda$findClass$15(ModuleClassLoader.java:219) ~[securejarhandler-2.1.4.jar:?]
	at cpw.mods.cl.ModuleClassLoader.loadFromModule(ModuleClassLoader.java:229) ~[securejarhandler-2.1.4.jar:?]
	at cpw.mods.cl.ModuleClassLoader.findClass(ModuleClassLoader.java:219) ~[securejarhandler-2.1.4.jar:?]
	at cpw.mods.cl.ModuleClassLoader.loadClass(ModuleClassLoader.java:135) ~[securejarhandler-2.1.4.jar:?]
	at java.lang.ClassLoader.loadClass(ClassLoader.java:520) ~[?:?]
	at net.minecraft.world.level.levelgen.carver.CarverDebugSettings.<clinit>(CarverDebugSettings.java:9) ~[forge-1.19-41.1.0_mapped_official_1.19.jar%23179!/:?]
	at net.minecraft.world.level.levelgen.carver.CarverConfiguration.lambda$static$6(CarverConfiguration.java:20) ~[forge-1.19-41.1.0_mapped_official_1.19.jar%23179!/:?]
	at com.mojang.serialization.codecs.RecordCodecBuilder.mapCodec(RecordCodecBuilder.java:76) ~[datafixerupper-5.0.28.jar%23144!/:?]
	at net.minecraft.world.level.levelgen.carver.CarverConfiguration.<clinit>(CarverConfiguration.java:16) ~[forge-1.19-41.1.0_mapped_official_1.19.jar%23179!/:?]
	at net.minecraft.world.level.levelgen.carver.WorldCarver.<clinit>(WorldCarver.java:32) ~[forge-1.19-41.1.0_mapped_official_1.19.jar%23179!/:?]
	at net.minecraft.data.worldgen.Carvers.<clinit>(Carvers.java:21) ~[forge-1.19-41.1.0_mapped_official_1.19.jar%23179!/:?]
	at net.minecraft.data.BuiltinRegistries.lambda$static$0(BuiltinRegistries.java:53) ~[forge-1.19-41.1.0_mapped_official_1.19.jar%23179!/:?]
	at net.minecraft.data.BuiltinRegistries.lambda$internalRegister$2(BuiltinRegistries.java:87) ~[forge-1.19-41.1.0_mapped_official_1.19.jar%23179!/:?]
	at net.minecraft.data.BuiltinRegistries.lambda$static$3(BuiltinRegistries.java:114) ~[forge-1.19-41.1.0_mapped_official_1.19.jar%23179!/:?]
	at java.util.LinkedHashMap.forEach(LinkedHashMap.java:721) ~[?:?]
	at net.minecraft.data.BuiltinRegistries.<clinit>(BuiltinRegistries.java:113) ~[forge-1.19-41.1.0_mapped_official_1.19.jar%23179!/:?]
	at net.minecraft.core.Registry.<clinit>(Registry.java:665) ~[forge-1.19-41.1.0_mapped_official_1.19.jar%23179!/:?]
	at net.minecraft.server.Bootstrap.bootStrap(Bootstrap.java:43) ~[forge-1.19-41.1.0_mapped_official_1.19.jar%23179!/:?]
	at net.minecraft.client.main.Main.lambda$main$0(Main.java:139) ~[forge-1.19-41.1.0_mapped_official_1.19.jar%23179!/:?]
	at java.util.concurrent.Executors$RunnableAdapter.call(Executors.java:539) [?:?]
	at java.util.concurrent.FutureTask.run(FutureTask.java:264) [?:?]
	at java.util.concurrent.ThreadPoolExecutor.runWorker(ThreadPoolExecutor.java:1136) [?:?]
	at java.util.concurrent.ThreadPoolExecutor$Worker.run(ThreadPoolExecutor.java:635) [?:?]
	at java.lang.Thread.run(Thread.java:842) [?:?]
[08ene2025 09:25:14.328] [pool-3-thread-1/DEBUG] [net.minecraftforge.coremod.transformer.CoreModBaseTransformer/COREMOD]: Transforming net/minecraft/world/level/block/FlowerPotBlock
[08ene2025 09:25:14.332] [pool-3-thread-1/ERROR] [net.minecraftforge.coremod.transformer.CoreModBaseTransformer/COREMOD]: Error occurred applying transform of coremod coremods/field_to_method.js function flowerpotblock
java.lang.IllegalStateException: No field with name f_53525_ found
	at net.minecraftforge.coremod.api.ASMAPI.redirectFieldToMethod(ASMAPI.java:257) ~[coremods-5.0.1.jar%23101!/:?]
	at org.openjdk.nashorn.internal.scripts.Script$Recompilation$11$2821A$\^eval\_.initializeCoreMod#transformer-6(<eval>:73) ~[?:?]
	at org.openjdk.nashorn.internal.runtime.ScriptFunctionData.invoke(ScriptFunctionData.java:648) ~[nashorn-core-15.3.jar%23106!/:?]
	at org.openjdk.nashorn.internal.runtime.ScriptFunction.invoke(ScriptFunction.java:513) ~[nashorn-core-15.3.jar%23106!/:?]
	at org.openjdk.nashorn.internal.runtime.ScriptRuntime.apply(ScriptRuntime.java:520) ~[nashorn-core-15.3.jar%23106!/:?]
	at org.openjdk.nashorn.api.scripting.ScriptObjectMirror.call(ScriptObjectMirror.java:111) ~[nashorn-core-15.3.jar%23106!/:?]
	at net.minecraftforge.coremod.NashornFactory.lambda$getFunction$0(NashornFactory.java:18) ~[coremods-5.0.1.jar%23101!/:5.0.1+15+master.dc5a2922]
	at net.minecraftforge.coremod.transformer.CoreModClassTransformer.runCoremod(CoreModClassTransformer.java:18) ~[coremods-5.0.1.jar%23101!/:?]
	at net.minecraftforge.coremod.transformer.CoreModClassTransformer.runCoremod(CoreModClassTransformer.java:10) ~[coremods-5.0.1.jar%23101!/:?]
	at net.minecraftforge.coremod.transformer.CoreModBaseTransformer.transform(CoreModBaseTransformer.java:38) ~[coremods-5.0.1.jar%23101!/:?]
	at cpw.mods.modlauncher.TransformerHolder.transform(TransformerHolder.java:41) ~[modlauncher-10.0.9.jar%23105!/:?]
	at cpw.mods.modlauncher.ClassTransformer.performVote(ClassTransformer.java:179) ~[modlauncher-10.0.9.jar%23105!/:?]
	at cpw.mods.modlauncher.ClassTransformer.transform(ClassTransformer.java:117) ~[modlauncher-10.0.9.jar%23105!/:?]
	at cpw.mods.modlauncher.TransformingClassLoader.maybeTransformClassBytes(TransformingClassLoader.java:50) ~[modlauncher-10.0.9.jar%23105!/:?]
	at cpw.mods.cl.ModuleClassLoader.readerToClass(ModuleClassLoader.java:113) ~[securejarhandler-2.1.4.jar:?]
	at cpw.mods.cl.ModuleClassLoader.lambda$findClass$15(ModuleClassLoader.java:219) ~[securejarhandler-2.1.4.jar:?]
	at cpw.mods.cl.ModuleClassLoader.loadFromModule(ModuleClassLoader.java:229) ~[securejarhandler-2.1.4.jar:?]
	at cpw.mods.cl.ModuleClassLoader.findClass(ModuleClassLoader.java:219) ~[securejarhandler-2.1.4.jar:?]
	at cpw.mods.cl.ModuleClassLoader.loadClass(ModuleClassLoader.java:135) ~[securejarhandler-2.1.4.jar:?]
	at java.lang.ClassLoader.loadClass(ClassLoader.java:520) ~[?:?]
	at net.minecraft.world.level.levelgen.carver.CarverDebugSettings.<clinit>(CarverDebugSettings.java:9) ~[forge-1.19-41.1.0_mapped_official_1.19.jar%23179!/:?]
	at net.minecraft.world.level.levelgen.carver.CarverConfiguration.lambda$static$6(CarverConfiguration.java:20) ~[forge-1.19-41.1.0_mapped_official_1.19.jar%23179!/:?]
	at com.mojang.serialization.codecs.RecordCodecBuilder.mapCodec(RecordCodecBuilder.java:76) ~[datafixerupper-5.0.28.jar%23144!/:?]
	at net.minecraft.world.level.levelgen.carver.CarverConfiguration.<clinit>(CarverConfiguration.java:16) ~[forge-1.19-41.1.0_mapped_official_1.19.jar%23179!/:?]
	at net.minecraft.world.level.levelgen.carver.WorldCarver.<clinit>(WorldCarver.java:32) ~[forge-1.19-41.1.0_mapped_official_1.19.jar%23179!/:?]
	at net.minecraft.data.worldgen.Carvers.<clinit>(Carvers.java:21) ~[forge-1.19-41.1.0_mapped_official_1.19.jar%23179!/:?]
	at net.minecraft.data.BuiltinRegistries.lambda$static$0(BuiltinRegistries.java:53) ~[forge-1.19-41.1.0_mapped_official_1.19.jar%23179!/:?]
	at net.minecraft.data.BuiltinRegistries.lambda$internalRegister$2(BuiltinRegistries.java:87) ~[forge-1.19-41.1.0_mapped_official_1.19.jar%23179!/:?]
	at net.minecraft.data.BuiltinRegistries.lambda$static$3(BuiltinRegistries.java:114) ~[forge-1.19-41.1.0_mapped_official_1.19.jar%23179!/:?]
	at java.util.LinkedHashMap.forEach(LinkedHashMap.java:721) ~[?:?]
	at net.minecraft.data.BuiltinRegistries.<clinit>(BuiltinRegistries.java:113) ~[forge-1.19-41.1.0_mapped_official_1.19.jar%23179!/:?]
	at net.minecraft.core.Registry.<clinit>(Registry.java:665) ~[forge-1.19-41.1.0_mapped_official_1.19.jar%23179!/:?]
	at net.minecraft.server.Bootstrap.bootStrap(Bootstrap.java:43) ~[forge-1.19-41.1.0_mapped_official_1.19.jar%23179!/:?]
	at net.minecraft.client.main.Main.lambda$main$0(Main.java:139) ~[forge-1.19-41.1.0_mapped_official_1.19.jar%23179!/:?]
	at java.util.concurrent.Executors$RunnableAdapter.call(Executors.java:539) [?:?]
	at java.util.concurrent.FutureTask.run(FutureTask.java:264) [?:?]
	at java.util.concurrent.ThreadPoolExecutor.runWorker(ThreadPoolExecutor.java:1136) [?:?]
	at java.util.concurrent.ThreadPoolExecutor$Worker.run(ThreadPoolExecutor.java:635) [?:?]
	at java.lang.Thread.run(Thread.java:842) [?:?]
[08ene2025 09:25:15.040] [pool-3-thread-1/DEBUG] [net.minecraftforge.coremod.transformer.CoreModBaseTransformer/COREMOD]: Transforming net/minecraft/world/item/ItemStack
[08ene2025 09:25:15.044] [pool-3-thread-1/ERROR] [net.minecraftforge.coremod.transformer.CoreModBaseTransformer/COREMOD]: Error occurred applying transform of coremod coremods/field_to_method.js function itemstack
java.lang.IllegalStateException: No field with name f_41589_ found
	at net.minecraftforge.coremod.api.ASMAPI.redirectFieldToMethod(ASMAPI.java:257) ~[coremods-5.0.1.jar%23101!/:?]
	at org.openjdk.nashorn.internal.scripts.Script$Recompilation$12$3210A$\^eval\_.initializeCoreMod#transformer-7(<eval>:83) ~[?:?]
	at org.openjdk.nashorn.internal.runtime.ScriptFunctionData.invoke(ScriptFunctionData.java:648) ~[nashorn-core-15.3.jar%23106!/:?]
	at org.openjdk.nashorn.internal.runtime.ScriptFunction.invoke(ScriptFunction.java:513) ~[nashorn-core-15.3.jar%23106!/:?]
	at org.openjdk.nashorn.internal.runtime.ScriptRuntime.apply(ScriptRuntime.java:520) ~[nashorn-core-15.3.jar%23106!/:?]
	at org.openjdk.nashorn.api.scripting.ScriptObjectMirror.call(ScriptObjectMirror.java:111) ~[nashorn-core-15.3.jar%23106!/:?]
	at net.minecraftforge.coremod.NashornFactory.lambda$getFunction$0(NashornFactory.java:18) ~[coremods-5.0.1.jar%23101!/:5.0.1+15+master.dc5a2922]
	at net.minecraftforge.coremod.transformer.CoreModClassTransformer.runCoremod(CoreModClassTransformer.java:18) ~[coremods-5.0.1.jar%23101!/:?]
	at net.minecraftforge.coremod.transformer.CoreModClassTransformer.runCoremod(CoreModClassTransformer.java:10) ~[coremods-5.0.1.jar%23101!/:?]
	at net.minecraftforge.coremod.transformer.CoreModBaseTransformer.transform(CoreModBaseTransformer.java:38) ~[coremods-5.0.1.jar%23101!/:?]
	at cpw.mods.modlauncher.TransformerHolder.transform(TransformerHolder.java:41) ~[modlauncher-10.0.9.jar%23105!/:?]
	at cpw.mods.modlauncher.ClassTransformer.performVote(ClassTransformer.java:179) ~[modlauncher-10.0.9.jar%23105!/:?]
	at cpw.mods.modlauncher.ClassTransformer.transform(ClassTransformer.java:117) ~[modlauncher-10.0.9.jar%23105!/:?]
	at cpw.mods.modlauncher.TransformingClassLoader.maybeTransformClassBytes(TransformingClassLoader.java:50) ~[modlauncher-10.0.9.jar%23105!/:?]
	at cpw.mods.cl.ModuleClassLoader.readerToClass(ModuleClassLoader.java:113) ~[securejarhandler-2.1.4.jar:?]
	at cpw.mods.cl.ModuleClassLoader.lambda$findClass$15(ModuleClassLoader.java:219) ~[securejarhandler-2.1.4.jar:?]
	at cpw.mods.cl.ModuleClassLoader.loadFromModule(ModuleClassLoader.java:229) ~[securejarhandler-2.1.4.jar:?]
	at cpw.mods.cl.ModuleClassLoader.findClass(ModuleClassLoader.java:219) ~[securejarhandler-2.1.4.jar:?]
	at cpw.mods.cl.ModuleClassLoader.loadClass(ModuleClassLoader.java:135) ~[securejarhandler-2.1.4.jar:?]
	at java.lang.ClassLoader.loadClass(ClassLoader.java:520) ~[?:?]
	at net.minecraft.core.cauldron.CauldronInteraction.lambda$newInteractionMap$1(CauldronInteraction.java:39) ~[forge-1.19-41.1.0_mapped_official_1.19.jar%23179!/:?]
	at net.minecraft.Util.make(Util.java:362) ~[forge-1.19-41.1.0_mapped_official_1.19.jar%23179!/:?]
	at net.minecraft.core.cauldron.CauldronInteraction.newInteractionMap(CauldronInteraction.java:39) ~[forge-1.19-41.1.0_mapped_official_1.19.jar%23179!/:?]
	at net.minecraft.core.cauldron.CauldronInteraction.<clinit>(CauldronInteraction.java:33) ~[forge-1.19-41.1.0_mapped_official_1.19.jar%23179!/:?]
	at net.minecraft.world.level.block.CauldronBlock.<init>(CauldronBlock.java:18) ~[forge-1.19-41.1.0_mapped_official_1.19.jar%23179!/:?]
	at net.minecraft.world.level.block.Blocks.<clinit>(Blocks.java:369) ~[forge-1.19-41.1.0_mapped_official_1.19.jar%23179!/:?]
	at net.minecraft.world.level.levelgen.carver.CarverDebugSettings.<clinit>(CarverDebugSettings.java:9) ~[forge-1.19-41.1.0_mapped_official_1.19.jar%23179!/:?]
	at net.minecraft.world.level.levelgen.carver.CarverConfiguration.lambda$static$6(CarverConfiguration.java:20) ~[forge-1.19-41.1.0_mapped_official_1.19.jar%23179!/:?]
	at com.mojang.serialization.codecs.RecordCodecBuilder.mapCodec(RecordCodecBuilder.java:76) ~[datafixerupper-5.0.28.jar%23144!/:?]
	at net.minecraft.world.level.levelgen.carver.CarverConfiguration.<clinit>(CarverConfiguration.java:16) ~[forge-1.19-41.1.0_mapped_official_1.19.jar%23179!/:?]
	at net.minecraft.world.level.levelgen.carver.WorldCarver.<clinit>(WorldCarver.java:32) ~[forge-1.19-41.1.0_mapped_official_1.19.jar%23179!/:?]
	at net.minecraft.data.worldgen.Carvers.<clinit>(Carvers.java:21) ~[forge-1.19-41.1.0_mapped_official_1.19.jar%23179!/:?]
	at net.minecraft.data.BuiltinRegistries.lambda$static$0(BuiltinRegistries.java:53) ~[forge-1.19-41.1.0_mapped_official_1.19.jar%23179!/:?]
	at net.minecraft.data.BuiltinRegistries.lambda$internalRegister$2(BuiltinRegistries.java:87) ~[forge-1.19-41.1.0_mapped_official_1.19.jar%23179!/:?]
	at net.minecraft.data.BuiltinRegistries.lambda$static$3(BuiltinRegistries.java:114) ~[forge-1.19-41.1.0_mapped_official_1.19.jar%23179!/:?]
	at java.util.LinkedHashMap.forEach(LinkedHashMap.java:721) ~[?:?]
	at net.minecraft.data.BuiltinRegistries.<clinit>(BuiltinRegistries.java:113) ~[forge-1.19-41.1.0_mapped_official_1.19.jar%23179!/:?]
	at net.minecraft.core.Registry.<clinit>(Registry.java:665) ~[forge-1.19-41.1.0_mapped_official_1.19.jar%23179!/:?]
	at net.minecraft.server.Bootstrap.bootStrap(Bootstrap.java:43) ~[forge-1.19-41.1.0_mapped_official_1.19.jar%23179!/:?]
	at net.minecraft.client.main.Main.lambda$main$0(Main.java:139) ~[forge-1.19-41.1.0_mapped_official_1.19.jar%23179!/:?]
	at java.util.concurrent.Executors$RunnableAdapter.call(Executors.java:539) [?:?]
	at java.util.concurrent.FutureTask.run(FutureTask.java:264) [?:?]
	at java.util.concurrent.ThreadPoolExecutor.runWorker(ThreadPoolExecutor.java:1136) [?:?]
	at java.util.concurrent.ThreadPoolExecutor$Worker.run(ThreadPoolExecutor.java:635) [?:?]
	at java.lang.Thread.run(Thread.java:842) [?:?]
[08ene2025 09:25:16.163] [pool-3-thread-1/INFO] [net.minecraft.util.datafix.DataFixers/]: Building unoptimized datafixer
[08ene2025 09:25:16.553] [pool-3-thread-1/DEBUG] [net.minecraftforge.coremod.transformer.CoreModBaseTransformer/COREMOD]: Transforming net/minecraft/world/level/biome/Biome
[08ene2025 09:25:16.556] [pool-3-thread-1/ERROR] [net.minecraftforge.coremod.transformer.CoreModBaseTransformer/COREMOD]: Error occurred applying transform of coremod coremods/field_to_method.js function biome
java.lang.IllegalStateException: No field with name f_47437_ found
	at net.minecraftforge.coremod.api.ASMAPI.redirectFieldToMethod(ASMAPI.java:257) ~[coremods-5.0.1.jar%23101!/:?]
	at org.openjdk.nashorn.internal.scripts.Script$Recompilation$13$292A$\^eval\_.initializeCoreMod#transformer(<eval>:11) ~[?:?]
	at org.openjdk.nashorn.internal.runtime.ScriptFunctionData.invoke(ScriptFunctionData.java:648) ~[nashorn-core-15.3.jar%23106!/:?]
	at org.openjdk.nashorn.internal.runtime.ScriptFunction.invoke(ScriptFunction.java:513) ~[nashorn-core-15.3.jar%23106!/:?]
	at org.openjdk.nashorn.internal.runtime.ScriptRuntime.apply(ScriptRuntime.java:520) ~[nashorn-core-15.3.jar%23106!/:?]
	at org.openjdk.nashorn.api.scripting.ScriptObjectMirror.call(ScriptObjectMirror.java:111) ~[nashorn-core-15.3.jar%23106!/:?]
	at net.minecraftforge.coremod.NashornFactory.lambda$getFunction$0(NashornFactory.java:18) ~[coremods-5.0.1.jar%23101!/:5.0.1+15+master.dc5a2922]
	at net.minecraftforge.coremod.transformer.CoreModClassTransformer.runCoremod(CoreModClassTransformer.java:18) ~[coremods-5.0.1.jar%23101!/:?]
	at net.minecraftforge.coremod.transformer.CoreModClassTransformer.runCoremod(CoreModClassTransformer.java:10) ~[coremods-5.0.1.jar%23101!/:?]
	at net.minecraftforge.coremod.transformer.CoreModBaseTransformer.transform(CoreModBaseTransformer.java:38) ~[coremods-5.0.1.jar%23101!/:?]
	at cpw.mods.modlauncher.TransformerHolder.transform(TransformerHolder.java:41) ~[modlauncher-10.0.9.jar%23105!/:?]
	at cpw.mods.modlauncher.ClassTransformer.performVote(ClassTransformer.java:179) ~[modlauncher-10.0.9.jar%23105!/:?]
	at cpw.mods.modlauncher.ClassTransformer.transform(ClassTransformer.java:117) ~[modlauncher-10.0.9.jar%23105!/:?]
	at cpw.mods.modlauncher.TransformingClassLoader.maybeTransformClassBytes(TransformingClassLoader.java:50) ~[modlauncher-10.0.9.jar%23105!/:?]
	at cpw.mods.cl.ModuleClassLoader.readerToClass(ModuleClassLoader.java:113) ~[securejarhandler-2.1.4.jar:?]
	at cpw.mods.cl.ModuleClassLoader.lambda$findClass$15(ModuleClassLoader.java:219) ~[securejarhandler-2.1.4.jar:?]
	at cpw.mods.cl.ModuleClassLoader.loadFromModule(ModuleClassLoader.java:229) ~[securejarhandler-2.1.4.jar:?]
	at cpw.mods.cl.ModuleClassLoader.findClass(ModuleClassLoader.java:219) ~[securejarhandler-2.1.4.jar:?]
	at cpw.mods.cl.ModuleClassLoader.loadClass(ModuleClassLoader.java:135) ~[securejarhandler-2.1.4.jar:?]
	at java.lang.ClassLoader.loadClass(ClassLoader.java:520) ~[?:?]
	at java.lang.ClassLoader.defineClass0(Native Method) ~[?:?]
	at java.lang.System$2.defineClass(System.java:2311) ~[?:?]
	at java.lang.invoke.MethodHandles$Lookup$ClassDefiner.defineClass(MethodHandles.java:2439) ~[?:?]
	at java.lang.invoke.MethodHandles$Lookup$ClassDefiner.defineClassAsLookup(MethodHandles.java:2420) ~[?:?]
	at java.lang.invoke.MethodHandles$Lookup.defineHiddenClass(MethodHandles.java:2127) ~[?:?]
	at java.lang.invoke.InnerClassLambdaMetafactory.generateInnerClass(InnerClassLambdaMetafactory.java:407) ~[?:?]
	at java.lang.invoke.InnerClassLambdaMetafactory.spinInnerClass(InnerClassLambdaMetafactory.java:315) ~[?:?]
	at java.lang.invoke.InnerClassLambdaMetafactory.buildCallSite(InnerClassLambdaMetafactory.java:228) ~[?:?]
	at java.lang.invoke.LambdaMetafactory.metafactory(LambdaMetafactory.java:341) ~[?:?]
	at java.lang.invoke.BootstrapMethodInvoker.invoke(BootstrapMethodInvoker.java:134) ~[?:?]
	at java.lang.invoke.CallSite.makeSite(CallSite.java:315) ~[?:?]
	at java.lang.invoke.MethodHandleNatives.linkCallSiteImpl(MethodHandleNatives.java:281) ~[?:?]
	at java.lang.invoke.MethodHandleNatives.linkCallSite(MethodHandleNatives.java:271) ~[?:?]
	at net.minecraft.world.level.biome.Biome$Precipitation.<clinit>(Biome.java:342) ~[forge-1.19-41.1.0_mapped_official_1.19.jar%23179!/:?]
	at net.minecraft.data.worldgen.biome.OverworldBiomes.theVoid(OverworldBiomes.java:541) ~[forge-1.19-41.1.0_mapped_official_1.19.jar%23179!/:?]
	at net.minecraft.data.worldgen.biome.Biomes.bootstrap(Biomes.java:10) ~[forge-1.19-41.1.0_mapped_official_1.19.jar%23179!/:?]
	at net.minecraft.data.BuiltinRegistries.lambda$internalRegister$2(BuiltinRegistries.java:87) ~[forge-1.19-41.1.0_mapped_official_1.19.jar%23179!/:?]
	at net.minecraft.data.BuiltinRegistries.lambda$static$3(BuiltinRegistries.java:114) ~[forge-1.19-41.1.0_mapped_official_1.19.jar%23179!/:?]
	at java.util.LinkedHashMap.forEach(LinkedHashMap.java:721) ~[?:?]
	at net.minecraft.data.BuiltinRegistries.<clinit>(BuiltinRegistries.java:113) ~[forge-1.19-41.1.0_mapped_official_1.19.jar%23179!/:?]
	at net.minecraft.core.Registry.<clinit>(Registry.java:665) ~[forge-1.19-41.1.0_mapped_official_1.19.jar%23179!/:?]
	at net.minecraft.server.Bootstrap.bootStrap(Bootstrap.java:43) ~[forge-1.19-41.1.0_mapped_official_1.19.jar%23179!/:?]
	at net.minecraft.client.main.Main.lambda$main$0(Main.java:139) ~[forge-1.19-41.1.0_mapped_official_1.19.jar%23179!/:?]
	at java.util.concurrent.Executors$RunnableAdapter.call(Executors.java:539) [?:?]
	at java.util.concurrent.FutureTask.run(FutureTask.java:264) [?:?]
	at java.util.concurrent.ThreadPoolExecutor.runWorker(ThreadPoolExecutor.java:1136) [?:?]
	at java.util.concurrent.ThreadPoolExecutor$Worker.run(ThreadPoolExecutor.java:635) [?:?]
	at java.lang.Thread.run(Thread.java:842) [?:?]
[08ene2025 09:25:17.003] [pool-3-thread-1/DEBUG] [net.minecraftforge.coremod.transformer.CoreModBaseTransformer/COREMOD]: Transforming net/minecraft/world/item/BucketItem
[08ene2025 09:25:17.007] [pool-3-thread-1/ERROR] [net.minecraftforge.coremod.transformer.CoreModBaseTransformer/COREMOD]: Error occurred applying transform of coremod coremods/field_to_method.js function bucketitem
java.lang.IllegalStateException: No field with name f_40687_ found
	at net.minecraftforge.coremod.api.ASMAPI.redirectFieldToMethod(ASMAPI.java:257) ~[coremods-5.0.1.jar%23101!/:?]
	at org.openjdk.nashorn.internal.scripts.Script$Recompilation$14$1965A$\^eval\_.initializeCoreMod#transformer-4(<eval>:52) ~[?:?]
	at org.openjdk.nashorn.internal.runtime.ScriptFunctionData.invoke(ScriptFunctionData.java:648) ~[nashorn-core-15.3.jar%23106!/:?]
	at org.openjdk.nashorn.internal.runtime.ScriptFunction.invoke(ScriptFunction.java:513) ~[nashorn-core-15.3.jar%23106!/:?]
	at org.openjdk.nashorn.internal.runtime.ScriptRuntime.apply(ScriptRuntime.java:520) ~[nashorn-core-15.3.jar%23106!/:?]
	at org.openjdk.nashorn.api.scripting.ScriptObjectMirror.call(ScriptObjectMirror.java:111) ~[nashorn-core-15.3.jar%23106!/:?]
	at net.minecraftforge.coremod.NashornFactory.lambda$getFunction$0(NashornFactory.java:18) ~[coremods-5.0.1.jar%23101!/:5.0.1+15+master.dc5a2922]
	at net.minecraftforge.coremod.transformer.CoreModClassTransformer.runCoremod(CoreModClassTransformer.java:18) ~[coremods-5.0.1.jar%23101!/:?]
	at net.minecraftforge.coremod.transformer.CoreModClassTransformer.runCoremod(CoreModClassTransformer.java:10) ~[coremods-5.0.1.jar%23101!/:?]
	at net.minecraftforge.coremod.transformer.CoreModBaseTransformer.transform(CoreModBaseTransformer.java:38) ~[coremods-5.0.1.jar%23101!/:?]
	at cpw.mods.modlauncher.TransformerHolder.transform(TransformerHolder.java:41) ~[modlauncher-10.0.9.jar%23105!/:?]
	at cpw.mods.modlauncher.ClassTransformer.performVote(ClassTransformer.java:179) ~[modlauncher-10.0.9.jar%23105!/:?]
	at cpw.mods.modlauncher.ClassTransformer.transform(ClassTransformer.java:117) ~[modlauncher-10.0.9.jar%23105!/:?]
	at cpw.mods.modlauncher.TransformingClassLoader.maybeTransformClassBytes(TransformingClassLoader.java:50) ~[modlauncher-10.0.9.jar%23105!/:?]
	at cpw.mods.cl.ModuleClassLoader.readerToClass(ModuleClassLoader.java:113) ~[securejarhandler-2.1.4.jar:?]
	at cpw.mods.cl.ModuleClassLoader.lambda$findClass$15(ModuleClassLoader.java:219) ~[securejarhandler-2.1.4.jar:?]
	at cpw.mods.cl.ModuleClassLoader.loadFromModule(ModuleClassLoader.java:229) ~[securejarhandler-2.1.4.jar:?]
	at cpw.mods.cl.ModuleClassLoader.findClass(ModuleClassLoader.java:219) ~[securejarhandler-2.1.4.jar:?]
	at cpw.mods.cl.ModuleClassLoader.loadClass(ModuleClassLoader.java:135) ~[securejarhandler-2.1.4.jar:?]
	at java.lang.ClassLoader.loadClass(ClassLoader.java:520) ~[?:?]
	at net.minecraft.world.item.Item.byBlock(Item.java:82) ~[forge-1.19-41.1.0_mapped_official_1.19.jar%23179!/:?]
	at net.minecraft.world.level.block.Block.asItem(Block.java:476) ~[forge-1.19-41.1.0_mapped_official_1.19.jar%23179!/:?]
	at net.minecraft.world.level.levelgen.flat.FlatLevelGeneratorPresets$Bootstrap.register(FlatLevelGeneratorPresets.java:60) ~[forge-1.19-41.1.0_mapped_official_1.19.jar%23179!/:?]
	at net.minecraft.world.level.levelgen.flat.FlatLevelGeneratorPresets$Bootstrap.run(FlatLevelGeneratorPresets.java:66) ~[forge-1.19-41.1.0_mapped_official_1.19.jar%23179!/:?]
	at net.minecraft.world.level.levelgen.flat.FlatLevelGeneratorPresets.bootstrap(FlatLevelGeneratorPresets.java:199) ~[forge-1.19-41.1.0_mapped_official_1.19.jar%23179!/:?]
	at net.minecraft.data.BuiltinRegistries.lambda$internalRegister$2(BuiltinRegistries.java:87) ~[forge-1.19-41.1.0_mapped_official_1.19.jar%23179!/:?]
	at net.minecraft.data.BuiltinRegistries.lambda$static$3(BuiltinRegistries.java:114) ~[forge-1.19-41.1.0_mapped_official_1.19.jar%23179!/:?]
	at java.util.LinkedHashMap.forEach(LinkedHashMap.java:721) ~[?:?]
	at net.minecraft.data.BuiltinRegistries.<clinit>(BuiltinRegistries.java:113) ~[forge-1.19-41.1.0_mapped_official_1.19.jar%23179!/:?]
	at net.minecraft.core.Registry.<clinit>(Registry.java:665) ~[forge-1.19-41.1.0_mapped_official_1.19.jar%23179!/:?]
	at net.minecraft.server.Bootstrap.bootStrap(Bootstrap.java:43) ~[forge-1.19-41.1.0_mapped_official_1.19.jar%23179!/:?]
	at net.minecraft.client.main.Main.lambda$main$0(Main.java:139) ~[forge-1.19-41.1.0_mapped_official_1.19.jar%23179!/:?]
	at java.util.concurrent.Executors$RunnableAdapter.call(Executors.java:539) [?:?]
	at java.util.concurrent.FutureTask.run(FutureTask.java:264) [?:?]
	at java.util.concurrent.ThreadPoolExecutor.runWorker(ThreadPoolExecutor.java:1136) [?:?]
	at java.util.concurrent.ThreadPoolExecutor$Worker.run(ThreadPoolExecutor.java:635) [?:?]
	at java.lang.Thread.run(Thread.java:842) [?:?]
[08ene2025 09:25:17.083] [pool-3-thread-1/DEBUG] [net.minecraftforge.coremod.transformer.CoreModBaseTransformer/COREMOD]: Transforming net/minecraft/world/effect/MobEffectInstance
[08ene2025 09:25:17.088] [pool-3-thread-1/ERROR] [net.minecraftforge.coremod.transformer.CoreModBaseTransformer/COREMOD]: Error occurred applying transform of coremod coremods/field_to_method.js function potion
java.lang.IllegalStateException: No field with name f_19502_ found
	at net.minecraftforge.coremod.api.ASMAPI.redirectFieldToMethod(ASMAPI.java:257) ~[coremods-5.0.1.jar%23101!/:?]
	at org.openjdk.nashorn.internal.scripts.Script$Recompilation$15$1194A$\^eval\_.initializeCoreMod#transformer-2(<eval>:32) ~[?:?]
	at org.openjdk.nashorn.internal.runtime.ScriptFunctionData.invoke(ScriptFunctionData.java:648) ~[nashorn-core-15.3.jar%23106!/:?]
	at org.openjdk.nashorn.internal.runtime.ScriptFunction.invoke(ScriptFunction.java:513) ~[nashorn-core-15.3.jar%23106!/:?]
	at org.openjdk.nashorn.internal.runtime.ScriptRuntime.apply(ScriptRuntime.java:520) ~[nashorn-core-15.3.jar%23106!/:?]
	at org.openjdk.nashorn.api.scripting.ScriptObjectMirror.call(ScriptObjectMirror.java:111) ~[nashorn-core-15.3.jar%23106!/:?]
	at net.minecraftforge.coremod.NashornFactory.lambda$getFunction$0(NashornFactory.java:18) ~[coremods-5.0.1.jar%23101!/:5.0.1+15+master.dc5a2922]
	at net.minecraftforge.coremod.transformer.CoreModClassTransformer.runCoremod(CoreModClassTransformer.java:18) ~[coremods-5.0.1.jar%23101!/:?]
	at net.minecraftforge.coremod.transformer.CoreModClassTransformer.runCoremod(CoreModClassTransformer.java:10) ~[coremods-5.0.1.jar%23101!/:?]
	at net.minecraftforge.coremod.transformer.CoreModBaseTransformer.transform(CoreModBaseTransformer.java:38) ~[coremods-5.0.1.jar%23101!/:?]
	at cpw.mods.modlauncher.TransformerHolder.transform(TransformerHolder.java:41) ~[modlauncher-10.0.9.jar%23105!/:?]
	at cpw.mods.modlauncher.ClassTransformer.performVote(ClassTransformer.java:179) ~[modlauncher-10.0.9.jar%23105!/:?]
	at cpw.mods.modlauncher.ClassTransformer.transform(ClassTransformer.java:117) ~[modlauncher-10.0.9.jar%23105!/:?]
	at cpw.mods.modlauncher.TransformingClassLoader.maybeTransformClassBytes(TransformingClassLoader.java:50) ~[modlauncher-10.0.9.jar%23105!/:?]
	at cpw.mods.cl.ModuleClassLoader.readerToClass(ModuleClassLoader.java:113) ~[securejarhandler-2.1.4.jar:?]
	at cpw.mods.cl.ModuleClassLoader.lambda$findClass$15(ModuleClassLoader.java:219) ~[securejarhandler-2.1.4.jar:?]
	at cpw.mods.cl.ModuleClassLoader.loadFromModule(ModuleClassLoader.java:229) ~[securejarhandler-2.1.4.jar:?]
	at cpw.mods.cl.ModuleClassLoader.findClass(ModuleClassLoader.java:219) ~[securejarhandler-2.1.4.jar:?]
	at cpw.mods.cl.ModuleClassLoader.loadClass(ModuleClassLoader.java:135) ~[securejarhandler-2.1.4.jar:?]
	at java.lang.ClassLoader.loadClass(ClassLoader.java:520) ~[?:?]
	at net.minecraft.world.food.Foods.<clinit>(Foods.java:16) ~[forge-1.19-41.1.0_mapped_official_1.19.jar%23179!/:?]
	at net.minecraft.world.item.Items.<clinit>(Items.java:736) ~[forge-1.19-41.1.0_mapped_official_1.19.jar%23179!/:?]
	at net.minecraft.world.item.Item.byBlock(Item.java:82) ~[forge-1.19-41.1.0_mapped_official_1.19.jar%23179!/:?]
	at net.minecraft.world.level.block.Block.asItem(Block.java:476) ~[forge-1.19-41.1.0_mapped_official_1.19.jar%23179!/:?]
	at net.minecraft.world.level.levelgen.flat.FlatLevelGeneratorPresets$Bootstrap.register(FlatLevelGeneratorPresets.java:60) ~[forge-1.19-41.1.0_mapped_official_1.19.jar%23179!/:?]
	at net.minecraft.world.level.levelgen.flat.FlatLevelGeneratorPresets$Bootstrap.run(FlatLevelGeneratorPresets.java:66) ~[forge-1.19-41.1.0_mapped_official_1.19.jar%23179!/:?]
	at net.minecraft.world.level.levelgen.flat.FlatLevelGeneratorPresets.bootstrap(FlatLevelGeneratorPresets.java:199) ~[forge-1.19-41.1.0_mapped_official_1.19.jar%23179!/:?]
	at net.minecraft.data.BuiltinRegistries.lambda$internalRegister$2(BuiltinRegistries.java:87) ~[forge-1.19-41.1.0_mapped_official_1.19.jar%23179!/:?]
	at net.minecraft.data.BuiltinRegistries.lambda$static$3(BuiltinRegistries.java:114) ~[forge-1.19-41.1.0_mapped_official_1.19.jar%23179!/:?]
	at java.util.LinkedHashMap.forEach(LinkedHashMap.java:721) ~[?:?]
	at net.minecraft.data.BuiltinRegistries.<clinit>(BuiltinRegistries.java:113) ~[forge-1.19-41.1.0_mapped_official_1.19.jar%23179!/:?]
	at net.minecraft.core.Registry.<clinit>(Registry.java:665) ~[forge-1.19-41.1.0_mapped_official_1.19.jar%23179!/:?]
	at net.minecraft.server.Bootstrap.bootStrap(Bootstrap.java:43) ~[forge-1.19-41.1.0_mapped_official_1.19.jar%23179!/:?]
	at net.minecraft.client.main.Main.lambda$main$0(Main.java:139) ~[forge-1.19-41.1.0_mapped_official_1.19.jar%23179!/:?]
	at java.util.concurrent.Executors$RunnableAdapter.call(Executors.java:539) [?:?]
	at java.util.concurrent.FutureTask.run(FutureTask.java:264) [?:?]
	at java.util.concurrent.ThreadPoolExecutor.runWorker(ThreadPoolExecutor.java:1136) [?:?]
	at java.util.concurrent.ThreadPoolExecutor$Worker.run(ThreadPoolExecutor.java:635) [?:?]
	at java.lang.Thread.run(Thread.java:842) [?:?]
[08ene2025 09:25:18.065] [Render thread/WARN] [net.minecraft.server.packs.VanillaPackResources/]: Assets URL 'union:/Users/pedromrtz/.gradle/caches/forge_gradle/minecraft_user_repo/net/minecraftforge/forge/1.19-41.1.0_mapped_official_1.19/forge-1.19-41.1.0_mapped_official_1.19.jar%23179!/assets/.mcassetsroot' uses unexpected schema
[08ene2025 09:25:18.066] [Render thread/WARN] [net.minecraft.server.packs.VanillaPackResources/]: Assets URL 'union:/Users/pedromrtz/.gradle/caches/forge_gradle/minecraft_user_repo/net/minecraftforge/forge/1.19-41.1.0_mapped_official_1.19/forge-1.19-41.1.0_mapped_official_1.19.jar%23179!/data/.mcassetsroot' uses unexpected schema
[08ene2025 09:25:18.082] [Render thread/INFO] [com.mojang.authlib.yggdrasil.YggdrasilAuthenticationService/]: Environment: authHost='https://authserver.mojang.com', accountsHost='https://api.mojang.com', sessionHost='https://sessionserver.mojang.com', servicesHost='https://api.minecraftservices.com', name='PROD'
[08ene2025 09:25:18.084] [Render thread/INFO] [net.minecraft.client.Minecraft/]: Setting user: Dev
[08ene2025 09:25:18.353] [Render thread/INFO] [net.minecraft.client.Minecraft/]: Backend library: LWJGL version 3.3.1 build 7
[08ene2025 09:25:19.772] [Render thread/DEBUG] [net.minecraftforge.common.ForgeI18n/CORE]: Loading I18N data entries: 5544
[08ene2025 09:25:19.786] [Render thread/DEBUG] [net.minecraftforge.fml.ModWorkManager/LOADING]: Using 8 threads for parallel mod-loading
[08ene2025 09:25:19.792] [Render thread/DEBUG] [net.minecraftforge.fml.javafmlmod.FMLJavaModLanguageProvider/LOADING]: Loading FMLModContainer from classloader cpw.mods.modlauncher.TransformingClassLoader@2d9dff65 - got cpw.mods.cl.ModuleClassLoader@350b3a17
[08ene2025 09:25:19.792] [Render thread/DEBUG] [net.minecraftforge.fml.javafmlmod.FMLModContainer/LOADING]: Creating FMLModContainer instance for net.minecraftforge.common.ForgeMod
[08ene2025 09:25:19.797] [Render thread/DEBUG] [net.minecraftforge.fml.javafmlmod.FMLJavaModLanguageProvider/LOADING]: Loading FMLModContainer from classloader cpw.mods.modlauncher.TransformingClassLoader@2d9dff65 - got cpw.mods.cl.ModuleClassLoader@350b3a17
[08ene2025 09:25:19.797] [Render thread/DEBUG] [net.minecraftforge.fml.javafmlmod.FMLModContainer/LOADING]: Creating FMLModContainer instance for com.miorganizacion.miprimermod.Miprimermod
[08ene2025 09:25:19.815] [modloading-worker-0/DEBUG] [net.minecraftforge.versions.forge.ForgeVersion/CORE]: Forge Version package package net.minecraftforge.versions.forge, Forge, version 41.1 from cpw.mods.modlauncher.TransformingClassLoader@2d9dff65
[08ene2025 09:25:19.815] [modloading-worker-0/DEBUG] [net.minecraftforge.versions.forge.ForgeVersion/CORE]: Found Forge version 41.1.0
[08ene2025 09:25:19.815] [modloading-worker-0/DEBUG] [net.minecraftforge.versions.forge.ForgeVersion/CORE]: Found Forge spec 41.1
[08ene2025 09:25:19.816] [modloading-worker-0/DEBUG] [net.minecraftforge.versions.forge.ForgeVersion/CORE]: Found Forge group net.minecraftforge
[08ene2025 09:25:19.817] [modloading-worker-0/DEBUG] [net.minecraftforge.versions.mcp.MCPVersion/CORE]: MCP Version package package net.minecraftforge.versions.mcp, Minecraft, version 1.19 from cpw.mods.modlauncher.TransformingClassLoader@2d9dff65
[08ene2025 09:25:19.817] [modloading-worker-0/DEBUG] [net.minecraftforge.versions.mcp.MCPVersion/CORE]: Found MC version information 1.19
[08ene2025 09:25:19.817] [modloading-worker-0/DEBUG] [net.minecraftforge.versions.mcp.MCPVersion/CORE]: Found MCP version information 20220607.102129
[08ene2025 09:25:19.817] [modloading-worker-0/INFO] [net.minecraftforge.common.ForgeMod/FORGEMOD]: Forge mod loading, version 41.1.0, for MC 1.19 with MCP 20220607.102129
[08ene2025 09:25:19.818] [modloading-worker-0/INFO] [net.minecraftforge.common.MinecraftForge/FORGE]: MinecraftForge v41.1.0 Initialized
[08ene2025 09:25:19.834] [modloading-worker-0/DEBUG] [net.minecraftforge.fml.javafmlmod.AutomaticEventSubscriber/LOADING]: Attempting to inject @EventBusSubscriber classes into the eventbus for miprimermod
[08ene2025 09:25:19.875] [modloading-worker-0/DEBUG] [io.netty.util.internal.PlatformDependent0/]: -Dio.netty.noUnsafe: false
[08ene2025 09:25:19.876] [modloading-worker-0/DEBUG] [io.netty.util.internal.PlatformDependent0/]: Java version: 17
[08ene2025 09:25:19.876] [modloading-worker-0/DEBUG] [io.netty.util.internal.PlatformDependent0/]: sun.misc.Unsafe.theUnsafe: available
[08ene2025 09:25:19.877] [modloading-worker-0/DEBUG] [io.netty.util.internal.PlatformDependent0/]: sun.misc.Unsafe.copyMemory: available
[08ene2025 09:25:19.877] [modloading-worker-0/DEBUG] [io.netty.util.internal.PlatformDependent0/]: sun.misc.Unsafe.storeFence: available
[08ene2025 09:25:19.877] [modloading-worker-0/DEBUG] [io.netty.util.internal.PlatformDependent0/]: java.nio.Buffer.address: available
[08ene2025 09:25:19.877] [modloading-worker-0/DEBUG] [io.netty.util.internal.PlatformDependent0/]: direct buffer constructor: unavailable
java.lang.UnsupportedOperationException: Reflective setAccessible(true) disabled
	at io.netty.util.internal.ReflectionUtil.trySetAccessible(ReflectionUtil.java:31) ~[netty-common-4.1.77.Final.jar%23137!/:4.1.77.Final]
	at io.netty.util.internal.PlatformDependent0$5.run(PlatformDependent0.java:287) ~[netty-common-4.1.77.Final.jar%23137!/:4.1.77.Final]
	at java.security.AccessController.doPrivileged(AccessController.java:318) ~[?:?]
	at io.netty.util.internal.PlatformDependent0.<clinit>(PlatformDependent0.java:281) ~[netty-common-4.1.77.Final.jar%23137!/:4.1.77.Final]
	at io.netty.util.internal.PlatformDependent.isAndroid(PlatformDependent.java:294) ~[netty-common-4.1.77.Final.jar%23137!/:4.1.77.Final]
	at io.netty.util.internal.PlatformDependent.<clinit>(PlatformDependent.java:88) ~[netty-common-4.1.77.Final.jar%23137!/:4.1.77.Final]
	at io.netty.util.ConstantPool.<init>(ConstantPool.java:34) ~[netty-common-4.1.77.Final.jar%23137!/:4.1.77.Final]
	at io.netty.util.AttributeKey$1.<init>(AttributeKey.java:27) ~[netty-common-4.1.77.Final.jar%23137!/:4.1.77.Final]
	at io.netty.util.AttributeKey.<clinit>(AttributeKey.java:27) ~[netty-common-4.1.77.Final.jar%23137!/:4.1.77.Final]
	at net.minecraftforge.network.NetworkConstants.<clinit>(NetworkConstants.java:34) ~[forge-1.19-41.1.0_mapped_official_1.19.jar%23178%23185!/:?]
	at net.minecraftforge.common.ForgeMod.<init>(ForgeMod.java:383) ~[forge-1.19-41.1.0_mapped_official_1.19.jar%23178%23185!/:?]
	at jdk.internal.reflect.NativeConstructorAccessorImpl.newInstance0(Native Method) ~[?:?]
	at jdk.internal.reflect.NativeConstructorAccessorImpl.newInstance(NativeConstructorAccessorImpl.java:77) ~[?:?]
	at jdk.internal.reflect.DelegatingConstructorAccessorImpl.newInstance(DelegatingConstructorAccessorImpl.java:45) ~[?:?]
	at java.lang.reflect.Constructor.newInstanceWithCaller(Constructor.java:499) ~[?:?]
	at java.lang.reflect.Constructor.newInstance(Constructor.java:480) ~[?:?]
	at net.minecraftforge.fml.javafmlmod.FMLModContainer.constructMod(FMLModContainer.java:68) ~[javafmllanguage-1.19-41.1.0.jar%23180!/:?]
	at net.minecraftforge.fml.ModContainer.lambda$buildTransitionHandler$10(ModContainer.java:121) ~[fmlcore-1.19-41.1.0.jar%23183!/:?]
	at java.util.concurrent.CompletableFuture$AsyncRun.run(CompletableFuture.java:1804) [?:?]
	at java.util.concurrent.CompletableFuture$AsyncRun.exec(CompletableFuture.java:1796) [?:?]
	at java.util.concurrent.ForkJoinTask.doExec(ForkJoinTask.java:373) [?:?]
	at java.util.concurrent.ForkJoinPool$WorkQueue.topLevelExec(ForkJoinPool.java:1182) [?:?]
	at java.util.concurrent.ForkJoinPool.scan(ForkJoinPool.java:1655) [?:?]
	at java.util.concurrent.ForkJoinPool.runWorker(ForkJoinPool.java:1622) [?:?]
	at java.util.concurrent.ForkJoinWorkerThread.run(ForkJoinWorkerThread.java:165) [?:?]
[08ene2025 09:25:19.879] [modloading-worker-0/DEBUG] [io.netty.util.internal.PlatformDependent0/]: java.nio.Bits.unaligned: available, true
[08ene2025 09:25:19.880] [modloading-worker-0/DEBUG] [io.netty.util.internal.PlatformDependent0/]: jdk.internal.misc.Unsafe.allocateUninitializedArray(int): unavailable
java.lang.IllegalAccessException: class io.netty.util.internal.PlatformDependent0$7 (in module io.netty.common) cannot access class jdk.internal.misc.Unsafe (in module java.base) because module java.base does not export jdk.internal.misc to module io.netty.common
	at jdk.internal.reflect.Reflection.newIllegalAccessException(Reflection.java:392) ~[?:?]
	at java.lang.reflect.AccessibleObject.checkAccess(AccessibleObject.java:674) ~[?:?]
	at java.lang.reflect.Method.invoke(Method.java:560) ~[?:?]
	at io.netty.util.internal.PlatformDependent0$7.run(PlatformDependent0.java:409) ~[netty-common-4.1.77.Final.jar%23137!/:4.1.77.Final]
	at java.security.AccessController.doPrivileged(AccessController.java:318) ~[?:?]
	at io.netty.util.internal.PlatformDependent0.<clinit>(PlatformDependent0.java:400) ~[netty-common-4.1.77.Final.jar%23137!/:4.1.77.Final]
	at io.netty.util.internal.PlatformDependent.isAndroid(PlatformDependent.java:294) ~[netty-common-4.1.77.Final.jar%23137!/:4.1.77.Final]
	at io.netty.util.internal.PlatformDependent.<clinit>(PlatformDependent.java:88) ~[netty-common-4.1.77.Final.jar%23137!/:4.1.77.Final]
	at io.netty.util.ConstantPool.<init>(ConstantPool.java:34) ~[netty-common-4.1.77.Final.jar%23137!/:4.1.77.Final]
	at io.netty.util.AttributeKey$1.<init>(AttributeKey.java:27) ~[netty-common-4.1.77.Final.jar%23137!/:4.1.77.Final]
	at io.netty.util.AttributeKey.<clinit>(AttributeKey.java:27) ~[netty-common-4.1.77.Final.jar%23137!/:4.1.77.Final]
	at net.minecraftforge.network.NetworkConstants.<clinit>(NetworkConstants.java:34) ~[forge-1.19-41.1.0_mapped_official_1.19.jar%23178%23185!/:?]
	at net.minecraftforge.common.ForgeMod.<init>(ForgeMod.java:383) ~[forge-1.19-41.1.0_mapped_official_1.19.jar%23178%23185!/:?]
	at jdk.internal.reflect.NativeConstructorAccessorImpl.newInstance0(Native Method) ~[?:?]
	at jdk.internal.reflect.NativeConstructorAccessorImpl.newInstance(NativeConstructorAccessorImpl.java:77) ~[?:?]
	at jdk.internal.reflect.DelegatingConstructorAccessorImpl.newInstance(DelegatingConstructorAccessorImpl.java:45) ~[?:?]
	at java.lang.reflect.Constructor.newInstanceWithCaller(Constructor.java:499) ~[?:?]
	at java.lang.reflect.Constructor.newInstance(Constructor.java:480) ~[?:?]
	at net.minecraftforge.fml.javafmlmod.FMLModContainer.constructMod(FMLModContainer.java:68) ~[javafmllanguage-1.19-41.1.0.jar%23180!/:?]
	at net.minecraftforge.fml.ModContainer.lambda$buildTransitionHandler$10(ModContainer.java:121) ~[fmlcore-1.19-41.1.0.jar%23183!/:?]
	at java.util.concurrent.CompletableFuture$AsyncRun.run(CompletableFuture.java:1804) [?:?]
	at java.util.concurrent.CompletableFuture$AsyncRun.exec(CompletableFuture.java:1796) [?:?]
	at java.util.concurrent.ForkJoinTask.doExec(ForkJoinTask.java:373) [?:?]
	at java.util.concurrent.ForkJoinPool$WorkQueue.topLevelExec(ForkJoinPool.java:1182) [?:?]
	at java.util.concurrent.ForkJoinPool.scan(ForkJoinPool.java:1655) [?:?]
	at java.util.concurrent.ForkJoinPool.runWorker(ForkJoinPool.java:1622) [?:?]
	at java.util.concurrent.ForkJoinWorkerThread.run(ForkJoinWorkerThread.java:165) [?:?]
[08ene2025 09:25:19.880] [modloading-worker-0/DEBUG] [io.netty.util.internal.PlatformDependent0/]: java.nio.DirectByteBuffer.<init>(long, int): unavailable
[08ene2025 09:25:19.880] [modloading-worker-0/DEBUG] [io.netty.util.internal.PlatformDependent/]: sun.misc.Unsafe: available
[08ene2025 09:25:19.881] [modloading-worker-0/DEBUG] [io.netty.util.internal.PlatformDependent/]: maxDirectMemory: 2147483648 bytes (maybe)
[08ene2025 09:25:19.881] [modloading-worker-0/DEBUG] [io.netty.util.internal.PlatformDependent/]: -Dio.netty.tmpdir: /var/folders/x8/49f72tp90zz_s8qvnqkc_6880000gn/T (java.io.tmpdir)
[08ene2025 09:25:19.881] [modloading-worker-0/DEBUG] [io.netty.util.internal.PlatformDependent/]: -Dio.netty.bitMode: 64 (sun.arch.data.model)
[08ene2025 09:25:19.881] [modloading-worker-0/DEBUG] [io.netty.util.internal.PlatformDependent/]: Platform: MacOS
[08ene2025 09:25:19.882] [modloading-worker-0/DEBUG] [io.netty.util.internal.PlatformDependent/]: -Dio.netty.maxDirectMemory: -1 bytes
[08ene2025 09:25:19.882] [modloading-worker-0/DEBUG] [io.netty.util.internal.PlatformDependent/]: -Dio.netty.uninitializedArrayAllocationThreshold: -1
[08ene2025 09:25:19.883] [modloading-worker-0/DEBUG] [io.netty.util.internal.CleanerJava9/]: java.nio.ByteBuffer.cleaner(): available
[08ene2025 09:25:19.883] [modloading-worker-0/DEBUG] [io.netty.util.internal.PlatformDependent/]: -Dio.netty.noPreferDirect: false
[08ene2025 09:25:19.902] [modloading-worker-0/DEBUG] [net.minecraftforge.common.ForgeMod/FORGEMOD]: Loading Network data for FML net version: FML3
[08ene2025 09:25:19.920] [modloading-worker-0/DEBUG] [net.minecraftforge.fml.config.ConfigTracker/CONFIG]: Config file forge-client.toml for forge tracking
[08ene2025 09:25:19.921] [modloading-worker-0/DEBUG] [net.minecraftforge.fml.config.ConfigTracker/CONFIG]: Config file forge-server.toml for forge tracking
[08ene2025 09:25:19.921] [modloading-worker-0/DEBUG] [net.minecraftforge.fml.config.ConfigTracker/CONFIG]: Config file forge-common.toml for forge tracking
[08ene2025 09:25:19.943] [modloading-worker-0/DEBUG] [net.minecraftforge.fml.javafmlmod.AutomaticEventSubscriber/LOADING]: Attempting to inject @EventBusSubscriber classes into the eventbus for forge
[08ene2025 09:25:19.945] [modloading-worker-0/DEBUG] [net.minecraftforge.fml.javafmlmod.AutomaticEventSubscriber/LOADING]: Auto-subscribing net.minecraftforge.common.ForgeSpawnEggItem$CommonHandler to MOD
[08ene2025 09:25:19.947] [modloading-worker-0/DEBUG] [net.minecraftforge.fml.javafmlmod.AutomaticEventSubscriber/LOADING]: Auto-subscribing net.minecraftforge.common.ForgeSpawnEggItem$ColorRegisterHandler to MOD
[08ene2025 09:25:19.950] [modloading-worker-0/DEBUG] [net.minecraftforge.fml.javafmlmod.AutomaticEventSubscriber/LOADING]: Auto-subscribing net.minecraftforge.client.model.data.ModelDataManager to FORGE
[08ene2025 09:25:19.952] [modloading-worker-0/DEBUG] [net.minecraftforge.fml.javafmlmod.AutomaticEventSubscriber/LOADING]: Auto-subscribing net.minecraftforge.client.ForgeHooksClient$ClientEvents to MOD
[08ene2025 09:25:19.959] [modloading-worker-0/DEBUG] [net.minecraftforge.fml.javafmlmod.AutomaticEventSubscriber/LOADING]: Auto-subscribing net.minecraftforge.client.ClientForgeMod to MOD
[08ene2025 09:25:20.223] [Render thread/DEBUG] [net.minecraftforge.client.loading.ClientModLoader/CORE]: Generating PackInfo named mod:forge for mod file /
[08ene2025 09:25:20.224] [Render thread/DEBUG] [net.minecraftforge.client.loading.ClientModLoader/CORE]: Generating PackInfo named mod:miprimermod for mod file /Users/pedromrtz/Desktop/TFG/TFGMinecraft/mi_primer_mod/build/resources/main
[08ene2025 09:25:21.334] [Render thread/INFO] [net.minecraftforge.gametest.ForgeGameTestHooks/]: Enabled Gametest Namespaces: [miprimermod]
[08ene2025 09:25:24.457] [Render thread/INFO] [net.minecraft.server.packs.resources.ReloadableResourceManager/]: Reloading ResourceManager: Default, Mod Resources
[08ene2025 09:25:24.486] [modloading-worker-0/DEBUG] [net.minecraftforge.fml.config.ConfigTracker/CONFIG]: Loading configs type CLIENT
[08ene2025 09:25:24.487] [modloading-worker-0/DEBUG] [net.minecraftforge.fml.config.ConfigFileTypeHandler/CONFIG]: Built TOML config for /Users/pedromrtz/Desktop/TFG/TFGMinecraft/mi_primer_mod/run/config/forge-client.toml
[08ene2025 09:25:24.488] [modloading-worker-0/DEBUG] [net.minecraftforge.fml.config.ConfigFileTypeHandler/CONFIG]: Loaded TOML config file /Users/pedromrtz/Desktop/TFG/TFGMinecraft/mi_primer_mod/run/config/forge-client.toml
[08ene2025 09:25:24.490] [modloading-worker-0/DEBUG] [net.minecraftforge.fml.config.ConfigFileTypeHandler/CONFIG]: Watching TOML config file /Users/pedromrtz/Desktop/TFG/TFGMinecraft/mi_primer_mod/run/config/forge-client.toml for changes
[08ene2025 09:25:24.500] [modloading-worker-0/DEBUG] [net.minecraftforge.common.ForgeConfig/FORGEMOD]: Loaded forge config file forge-client.toml
[08ene2025 09:25:24.506] [modloading-worker-0/DEBUG] [net.minecraftforge.fml.config.ConfigTracker/CONFIG]: Loading configs type COMMON
[08ene2025 09:25:24.506] [modloading-worker-0/DEBUG] [net.minecraftforge.fml.config.ConfigFileTypeHandler/CONFIG]: Built TOML config for /Users/pedromrtz/Desktop/TFG/TFGMinecraft/mi_primer_mod/run/config/forge-common.toml
[08ene2025 09:25:24.507] [modloading-worker-0/DEBUG] [net.minecraftforge.fml.config.ConfigFileTypeHandler/CONFIG]: Loaded TOML config file /Users/pedromrtz/Desktop/TFG/TFGMinecraft/mi_primer_mod/run/config/forge-common.toml
[08ene2025 09:25:24.507] [modloading-worker-0/DEBUG] [net.minecraftforge.fml.config.ConfigFileTypeHandler/CONFIG]: Watching TOML config file /Users/pedromrtz/Desktop/TFG/TFGMinecraft/mi_primer_mod/run/config/forge-common.toml for changes
[08ene2025 09:25:24.507] [modloading-worker-0/DEBUG] [net.minecraftforge.common.ForgeConfig/FORGEMOD]: Loaded forge config file forge-common.toml
[08ene2025 09:25:24.970] [Forge Version Check/INFO] [net.minecraftforge.fml.VersionChecker/]: [forge] Starting version check at https://files.minecraftforge.net/net/minecraftforge/forge/promotions_slim.json
[08ene2025 09:25:29.613] [Render thread/DEBUG] [net.minecraftforge.common.ForgeI18n/CORE]: Loading I18N data entries: 5832
[08ene2025 09:25:29.679] [Render thread/WARN] [net.minecraft.client.sounds.SoundEngine/]: Missing sound for event: minecraft:item.goat_horn.play
[08ene2025 09:25:29.679] [Render thread/WARN] [net.minecraft.client.sounds.SoundEngine/]: Missing sound for event: minecraft:entity.goat.screaming.horn_break
[08ene2025 09:25:29.879] [Render thread/INFO] [com.mojang.blaze3d.audio.Library/]: OpenAL initialized on device CoreAudio Default
[08ene2025 09:25:29.888] [Render thread/INFO] [net.minecraft.client.sounds.SoundEngine/SOUNDS]: Sound engine started
[08ene2025 09:25:30.188] [Render thread/INFO] [net.minecraft.client.renderer.texture.TextureAtlas/]: Created: 1024x512x4 minecraft:textures/atlas/blocks.png-atlas
[08ene2025 09:25:30.213] [Render thread/INFO] [net.minecraft.client.renderer.texture.TextureAtlas/]: Created: 256x128x4 minecraft:textures/atlas/signs.png-atlas
[08ene2025 09:25:30.214] [Render thread/INFO] [net.minecraft.client.renderer.texture.TextureAtlas/]: Created: 512x512x4 minecraft:textures/atlas/banner_patterns.png-atlas
[08ene2025 09:25:30.216] [Render thread/INFO] [net.minecraft.client.renderer.texture.TextureAtlas/]: Created: 512x512x4 minecraft:textures/atlas/shield_patterns.png-atlas
[08ene2025 09:25:30.218] [Render thread/INFO] [net.minecraft.client.renderer.texture.TextureAtlas/]: Created: 256x256x4 minecraft:textures/atlas/chest.png-atlas
[08ene2025 09:25:30.218] [Render thread/INFO] [net.minecraft.client.renderer.texture.TextureAtlas/]: Created: 512x256x4 minecraft:textures/atlas/beds.png-atlas
[08ene2025 09:25:30.219] [Render thread/INFO] [net.minecraft.client.renderer.texture.TextureAtlas/]: Created: 512x256x4 minecraft:textures/atlas/shulker_boxes.png-atlas
[08ene2025 09:25:31.536] [Render thread/WARN] [net.minecraft.client.renderer.ShaderInstance/]: Shader rendertype_entity_translucent_emissive could not find sampler named Sampler2 in the specified shader program.
[08ene2025 09:25:31.787] [Render thread/INFO] [net.minecraft.client.renderer.texture.TextureAtlas/]: Created: 256x256x0 minecraft:textures/atlas/particles.png-atlas
[08ene2025 09:25:31.790] [Render thread/INFO] [net.minecraft.client.renderer.texture.TextureAtlas/]: Created: 256x256x0 minecraft:textures/atlas/paintings.png-atlas
[08ene2025 09:25:31.790] [Render thread/INFO] [net.minecraft.client.renderer.texture.TextureAtlas/]: Created: 128x128x0 minecraft:textures/atlas/mob_effects.png-atlas
[08ene2025 09:25:34.511] [Thread-0/DEBUG] [net.minecraftforge.fml.config.ConfigFileTypeHandler/CONFIG]: Config file forge-client.toml changed, sending notifies
[08ene2025 09:25:34.511] [Thread-0/DEBUG] [net.minecraftforge.common.ForgeConfig/FORGEMOD]: Forge config just got changed on the file system!
[08ene2025 09:25:34.512] [Thread-0/DEBUG] [net.minecraftforge.fml.config.ConfigFileTypeHandler/CONFIG]: Config file forge-common.toml changed, sending notifies
[08ene2025 09:25:34.512] [Thread-0/DEBUG] [net.minecraftforge.common.ForgeConfig/FORGEMOD]: Forge config just got changed on the file system!
[08ene2025 09:25:36.933] [Render thread/DEBUG] [net.minecraftforge.server.ServerLifecycleHooks/CORE]: Generating PackInfo named mod:forge for mod file /
[08ene2025 09:25:36.934] [Render thread/DEBUG] [net.minecraftforge.server.ServerLifecycleHooks/CORE]: Generating PackInfo named mod:miprimermod for mod file /Users/pedromrtz/Desktop/TFG/TFGMinecraft/mi_primer_mod/build/resources/main
[08ene2025 09:25:36.984] [Worker-Main-2/DEBUG] [net.minecraftforge.resource.ResourceCacheManager$NamespacedResourceCacheManager/]: Failed to cache resources, the directory does not exist!
cpw.mods.niofs.union.UnionFileSystem$NoSuchFileException: /data/realms
[08ene2025 09:25:36.985] [Worker-Main-4/DEBUG] [net.minecraftforge.resource.ResourceCacheManager$NamespacedResourceCacheManager/]: Failed to cache resources, the directory does not exist!
cpw.mods.niofs.union.UnionFileSystem$NoSuchFileException: /assets/minecraft
[08ene2025 09:25:36.987] [Worker-Main-5/DEBUG] [net.minecraftforge.resource.ResourceCacheManager$NamespacedResourceCacheManager/]: Failed to cache resources, the directory does not exist!
cpw.mods.niofs.union.UnionFileSystem$NoSuchFileException: /assets/minecraft
[08ene2025 09:25:36.993] [Worker-Main-1/DEBUG] [net.minecraftforge.resource.ResourceCacheManager$NamespacedResourceCacheManager/]: Failed to cache resources, the directory does not exist!
cpw.mods.niofs.union.UnionFileSystem$NoSuchFileException: /assets/minecraft
[08ene2025 09:25:36.995] [Worker-Main-3/DEBUG] [net.minecraftforge.resource.ResourceCacheManager$NamespacedResourceCacheManager/]: Failed to cache resources, the directory does not exist!
cpw.mods.niofs.union.UnionFileSystem$NoSuchFileException: /assets/minecraft
[08ene2025 09:25:37.001] [Worker-Main-2/DEBUG] [net.minecraftforge.resource.ResourceCacheManager$NamespacedResourceCacheManager/]: Failed to cache resources, the directory does not exist!
cpw.mods.niofs.union.UnionFileSystem$NoSuchFileException: /assets/minecraft
[08ene2025 09:25:37.004] [Worker-Main-3/DEBUG] [net.minecraftforge.resource.ResourceCacheManager$NamespacedResourceCacheManager/]: Failed to cache resources, the directory does not exist!
cpw.mods.niofs.union.UnionFileSystem$NoSuchFileException: /assets/minecraft
[08ene2025 09:25:37.004] [Worker-Main-3/DEBUG] [net.minecraftforge.resource.ResourceCacheManager$NamespacedResourceCacheManager/]: Failed to cache resources, the directory does not exist!
cpw.mods.niofs.union.UnionFileSystem$NoSuchFileException: /assets/minecraft
[08ene2025 09:25:37.005] [Worker-Main-3/DEBUG] [net.minecraftforge.resource.ResourceCacheManager$NamespacedResourceCacheManager/]: Failed to cache resources, the directory does not exist!
cpw.mods.niofs.union.UnionFileSystem$NoSuchFileException: /assets/minecraft
[08ene2025 09:25:38.379] [Render thread/ERROR] [net.minecraft.world.item.crafting.RecipeManager/]: Parsing error loading recipe miprimermod:masa
com.google.gson.JsonSyntaxException: Pattern references symbol 'T' but it's not defined in the key
	at net.minecraft.world.item.crafting.ShapedRecipe.dissolvePattern(ShapedRecipe.java:149) ~[forge-1.19-41.1.0_mapped_official_1.19.jar%23179!/:?]
	at net.minecraft.world.item.crafting.ShapedRecipe$Serializer.fromJson(ShapedRecipe.java:292) ~[forge-1.19-41.1.0_mapped_official_1.19.jar%23179!/:?]
	at net.minecraft.world.item.crafting.ShapedRecipe$Serializer.fromJson(ShapedRecipe.java:284) ~[forge-1.19-41.1.0_mapped_official_1.19.jar%23179!/:?]
	at net.minecraftforge.common.extensions.IForgeRecipeSerializer.fromJson(IForgeRecipeSerializer.java:23) ~[forge-1.19-41.1.0_mapped_official_1.19.jar%23178%23185!/:?]
	at net.minecraft.world.item.crafting.RecipeManager.fromJson(RecipeManager.java:171) ~[forge-1.19-41.1.0_mapped_official_1.19.jar%23179!/:?]
	at net.minecraft.world.item.crafting.RecipeManager.apply(RecipeManager.java:67) ~[forge-1.19-41.1.0_mapped_official_1.19.jar%23179!/:?]
	at net.minecraft.world.item.crafting.RecipeManager.apply(RecipeManager.java:34) ~[forge-1.19-41.1.0_mapped_official_1.19.jar%23179!/:?]
	at net.minecraft.server.packs.resources.SimplePreparableReloadListener.lambda$reload$1(SimplePreparableReloadListener.java:13) ~[forge-1.19-41.1.0_mapped_official_1.19.jar%23179!/:?]
	at java.util.concurrent.CompletableFuture$UniAccept.tryFire(CompletableFuture.java:718) ~[?:?]
	at java.util.concurrent.CompletableFuture$Completion.run(CompletableFuture.java:482) ~[?:?]
	at net.minecraft.server.packs.resources.SimpleReloadInstance.lambda$new$3(SimpleReloadInstance.java:69) ~[forge-1.19-41.1.0_mapped_official_1.19.jar%23179!/:?]
	at net.minecraft.util.thread.BlockableEventLoop.doRunTask(BlockableEventLoop.java:157) ~[forge-1.19-41.1.0_mapped_official_1.19.jar%23179!/:?]
	at net.minecraft.util.thread.ReentrantBlockableEventLoop.doRunTask(ReentrantBlockableEventLoop.java:23) ~[forge-1.19-41.1.0_mapped_official_1.19.jar%23179!/:?]
	at net.minecraft.util.thread.BlockableEventLoop.pollTask(BlockableEventLoop.java:131) ~[forge-1.19-41.1.0_mapped_official_1.19.jar%23179!/:?]
	at net.minecraft.util.thread.BlockableEventLoop.managedBlock(BlockableEventLoop.java:140) ~[forge-1.19-41.1.0_mapped_official_1.19.jar%23179!/:?]
	at net.minecraft.client.gui.screens.worldselection.WorldOpenFlows.loadWorldStem(WorldOpenFlows.java:130) ~[forge-1.19-41.1.0_mapped_official_1.19.jar%23179!/:?]
	at net.minecraft.client.gui.screens.worldselection.WorldOpenFlows.loadWorldStem(WorldOpenFlows.java:109) ~[forge-1.19-41.1.0_mapped_official_1.19.jar%23179!/:?]
	at net.minecraft.client.gui.screens.worldselection.WorldOpenFlows.doLoadLevel(WorldOpenFlows.java:148) ~[forge-1.19-41.1.0_mapped_official_1.19.jar%23179!/:?]
	at net.minecraft.client.gui.screens.worldselection.WorldOpenFlows.doLoadLevel(WorldOpenFlows.java:136) ~[forge-1.19-41.1.0_mapped_official_1.19.jar%23179!/:?]
	at net.minecraft.client.gui.screens.worldselection.WorldOpenFlows.loadLevel(WorldOpenFlows.java:58) ~[forge-1.19-41.1.0_mapped_official_1.19.jar%23179!/:?]
	at net.minecraft.client.gui.screens.worldselection.WorldSelectionList$WorldListEntry.loadWorld(WorldSelectionList.java:587) ~[forge-1.19-41.1.0_mapped_official_1.19.jar%23179!/:?]
	at net.minecraft.client.gui.screens.worldselection.WorldSelectionList$WorldListEntry.joinWorld(WorldSelectionList.java:449) ~[forge-1.19-41.1.0_mapped_official_1.19.jar%23179!/:?]
	at net.minecraft.client.gui.screens.worldselection.WorldSelectionList$WorldListEntry.mouseClicked(WorldSelectionList.java:379) ~[forge-1.19-41.1.0_mapped_official_1.19.jar%23179!/:?]
	at net.minecraft.client.gui.components.AbstractSelectionList.mouseClicked(AbstractSelectionList.java:323) ~[forge-1.19-41.1.0_mapped_official_1.19.jar%23179!/:?]
	at net.minecraft.client.gui.components.events.ContainerEventHandler.mouseClicked(ContainerEventHandler.java:27) ~[forge-1.19-41.1.0_mapped_official_1.19.jar%23179!/:?]
	at net.minecraft.client.MouseHandler.lambda$onPress$0(MouseHandler.java:88) ~[forge-1.19-41.1.0_mapped_official_1.19.jar%23179!/:?]
	at net.minecraft.client.gui.screens.Screen.wrapScreenError(Screen.java:524) ~[forge-1.19-41.1.0_mapped_official_1.19.jar%23179!/:?]
	at net.minecraft.client.MouseHandler.onPress(MouseHandler.java:85) ~[forge-1.19-41.1.0_mapped_official_1.19.jar%23179!/:?]
	at net.minecraft.client.MouseHandler.lambda$setup$4(MouseHandler.java:185) ~[forge-1.19-41.1.0_mapped_official_1.19.jar%23179!/:?]
	at net.minecraft.util.thread.BlockableEventLoop.execute(BlockableEventLoop.java:103) ~[forge-1.19-41.1.0_mapped_official_1.19.jar%23179!/:?]
	at net.minecraft.client.MouseHandler.lambda$setup$5(MouseHandler.java:184) ~[forge-1.19-41.1.0_mapped_official_1.19.jar%23179!/:?]
	at org.lwjgl.glfw.GLFWMouseButtonCallbackI.callback(GLFWMouseButtonCallbackI.java:43) ~[lwjgl-glfw-3.3.1.jar%23159!/:build 7]
	at org.lwjgl.system.JNI.invokeV(Native Method) ~[lwjgl-3.3.1.jar%23165!/:build 7]
	at org.lwjgl.glfw.GLFW.glfwWaitEventsTimeout(GLFW.java:3474) ~[lwjgl-glfw-3.3.1.jar%23159!/:build 7]
	at com.mojang.blaze3d.systems.RenderSystem.limitDisplayFPS(RenderSystem.java:222) ~[forge-1.19-41.1.0_mapped_official_1.19.jar%23179!/:?]
	at net.minecraft.client.Minecraft.runTick(Minecraft.java:1115) ~[forge-1.19-41.1.0_mapped_official_1.19.jar%23179!/:?]
	at net.minecraft.client.Minecraft.run(Minecraft.java:669) ~[forge-1.19-41.1.0_mapped_official_1.19.jar%23179!/:?]
	at net.minecraft.client.main.Main.main(Main.java:206) ~[forge-1.19-41.1.0_mapped_official_1.19.jar%23179!/:?]
	at jdk.internal.reflect.NativeMethodAccessorImpl.invoke0(Native Method) ~[?:?]
	at jdk.internal.reflect.NativeMethodAccessorImpl.invoke(NativeMethodAccessorImpl.java:77) ~[?:?]
	at jdk.internal.reflect.DelegatingMethodAccessorImpl.invoke(DelegatingMethodAccessorImpl.java:43) ~[?:?]
	at java.lang.reflect.Method.invoke(Method.java:568) ~[?:?]
	at net.minecraftforge.fml.loading.targets.ForgeClientUserdevLaunchHandler.lambda$launchService$0(ForgeClientUserdevLaunchHandler.java:25) ~[fmlloader-1.19-41.1.0.jar%2393!/:?]
	at cpw.mods.modlauncher.LaunchServiceHandlerDecorator.launch(LaunchServiceHandlerDecorator.java:30) [modlauncher-10.0.9.jar%23105!/:?]
	at cpw.mods.modlauncher.LaunchServiceHandler.launch(LaunchServiceHandler.java:53) [modlauncher-10.0.9.jar%23105!/:?]
	at cpw.mods.modlauncher.LaunchServiceHandler.launch(LaunchServiceHandler.java:71) [modlauncher-10.0.9.jar%23105!/:?]
	at cpw.mods.modlauncher.Launcher.run(Launcher.java:108) [modlauncher-10.0.9.jar%23105!/:?]
	at cpw.mods.modlauncher.Launcher.main(Launcher.java:78) [modlauncher-10.0.9.jar%23105!/:?]
	at cpw.mods.modlauncher.BootstrapLaunchConsumer.accept(BootstrapLaunchConsumer.java:26) [modlauncher-10.0.9.jar%23105!/:?]
	at cpw.mods.modlauncher.BootstrapLaunchConsumer.accept(BootstrapLaunchConsumer.java:23) [modlauncher-10.0.9.jar%23105!/:?]
	at cpw.mods.bootstraplauncher.BootstrapLauncher.main(BootstrapLauncher.java:141) [bootstraplauncher-1.1.2.jar:?]
[08ene2025 09:25:38.384] [Render thread/ERROR] [net.minecraft.world.item.crafting.RecipeManager/]: Parsing error loading recipe miprimermod:ramen_carne
com.google.gson.JsonSyntaxException: Unknown item 'miprimermod:caldo_beef'
	at net.minecraft.world.item.crafting.ShapedRecipe.lambda$itemFromJson$2(ShapedRecipe.java:275) ~[forge-1.19-41.1.0_mapped_official_1.19.jar%23179!/:?]
	at java.util.Optional.orElseThrow(Optional.java:403) ~[?:?]
	at net.minecraft.world.item.crafting.ShapedRecipe.itemFromJson(ShapedRecipe.java:274) ~[forge-1.19-41.1.0_mapped_official_1.19.jar%23179!/:?]
	at net.minecraft.world.item.crafting.Ingredient.valueFromJson(Ingredient.java:222) ~[forge-1.19-41.1.0_mapped_official_1.19.jar%23179!/:?]
	at net.minecraftforge.common.crafting.VanillaIngredientSerializer.parse(VanillaIngredientSerializer.java:27) ~[forge-1.19-41.1.0_mapped_official_1.19.jar%23178%23185!/:?]
	at net.minecraftforge.common.crafting.CraftingHelper.getIngredient(CraftingHelper.java:142) ~[forge-1.19-41.1.0_mapped_official_1.19.jar%23178%23185!/:?]
	at net.minecraft.world.item.crafting.Ingredient.fromJson(Ingredient.java:197) ~[forge-1.19-41.1.0_mapped_official_1.19.jar%23179!/:?]
	at net.minecraft.world.item.crafting.ShapedRecipe.keyFromJson(ShapedRecipe.java:261) ~[forge-1.19-41.1.0_mapped_official_1.19.jar%23179!/:?]
	at net.minecraft.world.item.crafting.ShapedRecipe$Serializer.fromJson(ShapedRecipe.java:288) ~[forge-1.19-41.1.0_mapped_official_1.19.jar%23179!/:?]
	at net.minecraft.world.item.crafting.ShapedRecipe$Serializer.fromJson(ShapedRecipe.java:284) ~[forge-1.19-41.1.0_mapped_official_1.19.jar%23179!/:?]
	at net.minecraftforge.common.extensions.IForgeRecipeSerializer.fromJson(IForgeRecipeSerializer.java:23) ~[forge-1.19-41.1.0_mapped_official_1.19.jar%23178%23185!/:?]
	at net.minecraft.world.item.crafting.RecipeManager.fromJson(RecipeManager.java:171) ~[forge-1.19-41.1.0_mapped_official_1.19.jar%23179!/:?]
	at net.minecraft.world.item.crafting.RecipeManager.apply(RecipeManager.java:67) ~[forge-1.19-41.1.0_mapped_official_1.19.jar%23179!/:?]
	at net.minecraft.world.item.crafting.RecipeManager.apply(RecipeManager.java:34) ~[forge-1.19-41.1.0_mapped_official_1.19.jar%23179!/:?]
	at net.minecraft.server.packs.resources.SimplePreparableReloadListener.lambda$reload$1(SimplePreparableReloadListener.java:13) ~[forge-1.19-41.1.0_mapped_official_1.19.jar%23179!/:?]
	at java.util.concurrent.CompletableFuture$UniAccept.tryFire(CompletableFuture.java:718) ~[?:?]
	at java.util.concurrent.CompletableFuture$Completion.run(CompletableFuture.java:482) ~[?:?]
	at net.minecraft.server.packs.resources.SimpleReloadInstance.lambda$new$3(SimpleReloadInstance.java:69) ~[forge-1.19-41.1.0_mapped_official_1.19.jar%23179!/:?]
	at net.minecraft.util.thread.BlockableEventLoop.doRunTask(BlockableEventLoop.java:157) ~[forge-1.19-41.1.0_mapped_official_1.19.jar%23179!/:?]
	at net.minecraft.util.thread.ReentrantBlockableEventLoop.doRunTask(ReentrantBlockableEventLoop.java:23) ~[forge-1.19-41.1.0_mapped_official_1.19.jar%23179!/:?]
	at net.minecraft.util.thread.BlockableEventLoop.pollTask(BlockableEventLoop.java:131) ~[forge-1.19-41.1.0_mapped_official_1.19.jar%23179!/:?]
	at net.minecraft.util.thread.BlockableEventLoop.managedBlock(BlockableEventLoop.java:140) ~[forge-1.19-41.1.0_mapped_official_1.19.jar%23179!/:?]
	at net.minecraft.client.gui.screens.worldselection.WorldOpenFlows.loadWorldStem(WorldOpenFlows.java:130) ~[forge-1.19-41.1.0_mapped_official_1.19.jar%23179!/:?]
	at net.minecraft.client.gui.screens.worldselection.WorldOpenFlows.loadWorldStem(WorldOpenFlows.java:109) ~[forge-1.19-41.1.0_mapped_official_1.19.jar%23179!/:?]
	at net.minecraft.client.gui.screens.worldselection.WorldOpenFlows.doLoadLevel(WorldOpenFlows.java:148) ~[forge-1.19-41.1.0_mapped_official_1.19.jar%23179!/:?]
	at net.minecraft.client.gui.screens.worldselection.WorldOpenFlows.doLoadLevel(WorldOpenFlows.java:136) ~[forge-1.19-41.1.0_mapped_official_1.19.jar%23179!/:?]
	at net.minecraft.client.gui.screens.worldselection.WorldOpenFlows.loadLevel(WorldOpenFlows.java:58) ~[forge-1.19-41.1.0_mapped_official_1.19.jar%23179!/:?]
	at net.minecraft.client.gui.screens.worldselection.WorldSelectionList$WorldListEntry.loadWorld(WorldSelectionList.java:587) ~[forge-1.19-41.1.0_mapped_official_1.19.jar%23179!/:?]
	at net.minecraft.client.gui.screens.worldselection.WorldSelectionList$WorldListEntry.joinWorld(WorldSelectionList.java:449) ~[forge-1.19-41.1.0_mapped_official_1.19.jar%23179!/:?]
	at net.minecraft.client.gui.screens.worldselection.WorldSelectionList$WorldListEntry.mouseClicked(WorldSelectionList.java:379) ~[forge-1.19-41.1.0_mapped_official_1.19.jar%23179!/:?]
	at net.minecraft.client.gui.components.AbstractSelectionList.mouseClicked(AbstractSelectionList.java:323) ~[forge-1.19-41.1.0_mapped_official_1.19.jar%23179!/:?]
	at net.minecraft.client.gui.components.events.ContainerEventHandler.mouseClicked(ContainerEventHandler.java:27) ~[forge-1.19-41.1.0_mapped_official_1.19.jar%23179!/:?]
	at net.minecraft.client.MouseHandler.lambda$onPress$0(MouseHandler.java:88) ~[forge-1.19-41.1.0_mapped_official_1.19.jar%23179!/:?]
	at net.minecraft.client.gui.screens.Screen.wrapScreenError(Screen.java:524) ~[forge-1.19-41.1.0_mapped_official_1.19.jar%23179!/:?]
	at net.minecraft.client.MouseHandler.onPress(MouseHandler.java:85) ~[forge-1.19-41.1.0_mapped_official_1.19.jar%23179!/:?]
	at net.minecraft.client.MouseHandler.lambda$setup$4(MouseHandler.java:185) ~[forge-1.19-41.1.0_mapped_official_1.19.jar%23179!/:?]
	at net.minecraft.util.thread.BlockableEventLoop.execute(BlockableEventLoop.java:103) ~[forge-1.19-41.1.0_mapped_official_1.19.jar%23179!/:?]
	at net.minecraft.client.MouseHandler.lambda$setup$5(MouseHandler.java:184) ~[forge-1.19-41.1.0_mapped_official_1.19.jar%23179!/:?]
	at org.lwjgl.glfw.GLFWMouseButtonCallbackI.callback(GLFWMouseButtonCallbackI.java:43) ~[lwjgl-glfw-3.3.1.jar%23159!/:build 7]
	at org.lwjgl.system.JNI.invokeV(Native Method) ~[lwjgl-3.3.1.jar%23165!/:build 7]
	at org.lwjgl.glfw.GLFW.glfwWaitEventsTimeout(GLFW.java:3474) ~[lwjgl-glfw-3.3.1.jar%23159!/:build 7]
	at com.mojang.blaze3d.systems.RenderSystem.limitDisplayFPS(RenderSystem.java:222) ~[forge-1.19-41.1.0_mapped_official_1.19.jar%23179!/:?]
	at net.minecraft.client.Minecraft.runTick(Minecraft.java:1115) ~[forge-1.19-41.1.0_mapped_official_1.19.jar%23179!/:?]
	at net.minecraft.client.Minecraft.run(Minecraft.java:669) ~[forge-1.19-41.1.0_mapped_official_1.19.jar%23179!/:?]
	at net.minecraft.client.main.Main.main(Main.java:206) ~[forge-1.19-41.1.0_mapped_official_1.19.jar%23179!/:?]
	at jdk.internal.reflect.NativeMethodAccessorImpl.invoke0(Native Method) ~[?:?]
	at jdk.internal.reflect.NativeMethodAccessorImpl.invoke(NativeMethodAccessorImpl.java:77) ~[?:?]
	at jdk.internal.reflect.DelegatingMethodAccessorImpl.invoke(DelegatingMethodAccessorImpl.java:43) ~[?:?]
	at java.lang.reflect.Method.invoke(Method.java:568) ~[?:?]
	at net.minecraftforge.fml.loading.targets.ForgeClientUserdevLaunchHandler.lambda$launchService$0(ForgeClientUserdevLaunchHandler.java:25) ~[fmlloader-1.19-41.1.0.jar%2393!/:?]
	at cpw.mods.modlauncher.LaunchServiceHandlerDecorator.launch(LaunchServiceHandlerDecorator.java:30) [modlauncher-10.0.9.jar%23105!/:?]
	at cpw.mods.modlauncher.LaunchServiceHandler.launch(LaunchServiceHandler.java:53) [modlauncher-10.0.9.jar%23105!/:?]
	at cpw.mods.modlauncher.LaunchServiceHandler.launch(LaunchServiceHandler.java:71) [modlauncher-10.0.9.jar%23105!/:?]
	at cpw.mods.modlauncher.Launcher.run(Launcher.java:108) [modlauncher-10.0.9.jar%23105!/:?]
	at cpw.mods.modlauncher.Launcher.main(Launcher.java:78) [modlauncher-10.0.9.jar%23105!/:?]
	at cpw.mods.modlauncher.BootstrapLaunchConsumer.accept(BootstrapLaunchConsumer.java:26) [modlauncher-10.0.9.jar%23105!/:?]
	at cpw.mods.modlauncher.BootstrapLaunchConsumer.accept(BootstrapLaunchConsumer.java:23) [modlauncher-10.0.9.jar%23105!/:?]
	at cpw.mods.bootstraplauncher.BootstrapLauncher.main(BootstrapLauncher.java:141) [bootstraplauncher-1.1.2.jar:?]
[08ene2025 09:25:38.386] [Render thread/INFO] [net.minecraft.world.item.crafting.RecipeManager/]: Loaded 7 recipes
[08ene2025 09:25:38.778] [Render thread/INFO] [net.minecraft.advancements.AdvancementList/]: Loaded 1179 advancements
[08ene2025 09:25:39.576] [Render thread/DEBUG] [net.minecraftforge.common.ForgeHooks/WP]: Gathering id map for writing to world save Pruebas TFG
[08ene2025 09:25:39.587] [Render thread/DEBUG] [net.minecraftforge.common.ForgeHooks/WP]: ID Map collection complete Pruebas TFG
[08ene2025 09:25:39.644] [Server thread/INFO] [net.minecraft.client.server.IntegratedServer/]: Starting integrated minecraft server version 1.19
[08ene2025 09:25:39.644] [Server thread/INFO] [net.minecraft.server.MinecraftServer/]: Generating keypair
[08ene2025 09:25:39.827] [Server thread/DEBUG] [net.minecraftforge.fml.loading.FileUtils/CORE]: Found existing serverconfig directory : ./saves/Pruebas TFG/serverconfig
[08ene2025 09:25:39.827] [Server thread/DEBUG] [net.minecraftforge.fml.config.ConfigTracker/CONFIG]: Loading configs type SERVER
[08ene2025 09:25:39.827] [Server thread/DEBUG] [net.minecraftforge.fml.config.ConfigFileTypeHandler/CONFIG]: Built TOML config for ./saves/Pruebas TFG/serverconfig/forge-server.toml
[08ene2025 09:25:39.828] [Server thread/DEBUG] [net.minecraftforge.fml.config.ConfigFileTypeHandler/CONFIG]: Loaded TOML config file ./saves/Pruebas TFG/serverconfig/forge-server.toml
[08ene2025 09:25:39.829] [Server thread/DEBUG] [net.minecraftforge.fml.config.ConfigFileTypeHandler/CONFIG]: Watching TOML config file ./saves/Pruebas TFG/serverconfig/forge-server.toml for changes
[08ene2025 09:25:39.829] [Server thread/DEBUG] [net.minecraftforge.common.ForgeConfig/FORGEMOD]: Loaded forge config file forge-server.toml
[08ene2025 09:25:40.153] [Server thread/INFO] [net.minecraft.server.MinecraftServer/]: Preparing start region for dimension minecraft:overworld
[08ene2025 09:25:46.367] [Render thread/INFO] [net.minecraft.server.level.progress.LoggerChunkProgressListener/]: Preparing spawn area: 0%
[08ene2025 09:25:46.368] [Render thread/INFO] [net.minecraft.server.level.progress.LoggerChunkProgressListener/]: Preparing spawn area: 0%
[08ene2025 09:25:46.500] [Render thread/INFO] [net.minecraft.server.level.progress.LoggerChunkProgressListener/]: Preparing spawn area: 0%
[08ene2025 09:25:46.566] [Render thread/INFO] [net.minecraft.server.level.progress.LoggerChunkProgressListener/]: Preparing spawn area: 0%
[08ene2025 09:25:46.566] [Render thread/INFO] [net.minecraft.server.level.progress.LoggerChunkProgressListener/]: Preparing spawn area: 0%
[08ene2025 09:25:46.600] [Render thread/INFO] [net.minecraft.server.level.progress.LoggerChunkProgressListener/]: Preparing spawn area: 0%
[08ene2025 09:25:46.600] [Render thread/INFO] [net.minecraft.server.level.progress.LoggerChunkProgressListener/]: Preparing spawn area: 0%
[08ene2025 09:25:46.600] [Render thread/INFO] [net.minecraft.server.level.progress.LoggerChunkProgressListener/]: Preparing spawn area: 0%
[08ene2025 09:25:46.600] [Render thread/INFO] [net.minecraft.server.level.progress.LoggerChunkProgressListener/]: Preparing spawn area: 0%
[08ene2025 09:25:46.700] [Render thread/INFO] [net.minecraft.server.level.progress.LoggerChunkProgressListener/]: Preparing spawn area: 0%
[08ene2025 09:25:46.700] [Render thread/INFO] [net.minecraft.server.level.progress.LoggerChunkProgressListener/]: Preparing spawn area: 0%
[08ene2025 09:25:46.700] [Render thread/INFO] [net.minecraft.server.level.progress.LoggerChunkProgressListener/]: Preparing spawn area: 0%
[08ene2025 09:25:46.733] [Render thread/INFO] [net.minecraft.server.level.progress.LoggerChunkProgressListener/]: Preparing spawn area: 0%
[08ene2025 09:25:46.733] [Render thread/INFO] [net.minecraft.server.level.progress.LoggerChunkProgressListener/]: Preparing spawn area: 0%
[08ene2025 09:25:47.184] [Render thread/INFO] [net.minecraft.server.level.progress.LoggerChunkProgressListener/]: Preparing spawn area: 0%
[08ene2025 09:25:47.726] [Render thread/INFO] [net.minecraft.server.level.progress.LoggerChunkProgressListener/]: Preparing spawn area: 25%
[08ene2025 09:25:48.183] [Render thread/INFO] [net.minecraft.server.level.progress.LoggerChunkProgressListener/]: Preparing spawn area: 62%
[08ene2025 09:25:48.678] [Render thread/INFO] [net.minecraft.server.level.progress.LoggerChunkProgressListener/]: Preparing spawn area: 87%
[08ene2025 09:25:48.927] [Server thread/INFO] [net.minecraftforge.server.permission.PermissionAPI/]: Successfully initialized permission handler forge:default_handler
[08ene2025 09:25:48.949] [Render thread/INFO] [net.minecraft.server.level.progress.LoggerChunkProgressListener/]: Time elapsed: 8781 ms
[08ene2025 09:25:49.350] [Server thread/INFO] [net.minecraft.client.server.IntegratedServer/]: Changing simulation distance to 5, from 0
[08ene2025 09:25:49.380] [Render thread/DEBUG] [io.netty.channel.MultithreadEventLoopGroup/]: -Dio.netty.eventLoopThreads: 16
[08ene2025 09:25:49.397] [Render thread/DEBUG] [io.netty.util.internal.InternalThreadLocalMap/]: -Dio.netty.threadLocalMap.stringBuilder.initialSize: 1024
[08ene2025 09:25:49.397] [Render thread/DEBUG] [io.netty.util.internal.InternalThreadLocalMap/]: -Dio.netty.threadLocalMap.stringBuilder.maxSize: 4096
[08ene2025 09:25:49.403] [Render thread/DEBUG] [io.netty.channel.nio.NioEventLoop/]: -Dio.netty.noKeySetOptimization: false
[08ene2025 09:25:49.403] [Render thread/DEBUG] [io.netty.channel.nio.NioEventLoop/]: -Dio.netty.selectorAutoRebuildThreshold: 512
[08ene2025 09:25:49.411] [Render thread/DEBUG] [io.netty.util.internal.PlatformDependent/]: org.jctools-core.MpscChunkedArrayQueue: available
[08ene2025 09:25:49.425] [Render thread/DEBUG] [io.netty.channel.DefaultChannelId/]: -Dio.netty.processId: 87751 (auto-detected)
[08ene2025 09:25:49.428] [Render thread/WARN] [io.netty.util.internal.SystemPropertyUtil/]: Unable to parse the boolean system property 'java.net.preferIPv6Addresses':system - using the default value: false
[08ene2025 09:25:49.429] [Render thread/DEBUG] [io.netty.util.NetUtil/]: -Djava.net.preferIPv4Stack: false
[08ene2025 09:25:49.429] [Render thread/DEBUG] [io.netty.util.NetUtil/]: -Djava.net.preferIPv6Addresses: false
[08ene2025 09:25:49.446] [Render thread/DEBUG] [io.netty.util.NetUtilInitializations/]: Loopback interface: lo0 (lo0, 0:0:0:0:0:0:0:1%lo0)
[08ene2025 09:25:49.450] [Render thread/DEBUG] [io.netty.util.NetUtil/]: Failed to get SOMAXCONN from sysctl and file /proc/sys/net/core/somaxconn. Default: 128
[08ene2025 09:25:49.453] [Render thread/DEBUG] [io.netty.channel.DefaultChannelId/]: -Dio.netty.machineId: 26:10:10:ff:fe:bd:ff:c8 (auto-detected)
[08ene2025 09:25:49.491] [Render thread/DEBUG] [io.netty.buffer.PooledByteBufAllocator/]: -Dio.netty.allocator.numHeapArenas: 16
[08ene2025 09:25:49.491] [Render thread/DEBUG] [io.netty.buffer.PooledByteBufAllocator/]: -Dio.netty.allocator.numDirectArenas: 16
[08ene2025 09:25:49.491] [Render thread/DEBUG] [io.netty.buffer.PooledByteBufAllocator/]: -Dio.netty.allocator.pageSize: 8192
[08ene2025 09:25:49.492] [Render thread/DEBUG] [io.netty.buffer.PooledByteBufAllocator/]: -Dio.netty.allocator.maxOrder: 9
[08ene2025 09:25:49.492] [Render thread/DEBUG] [io.netty.buffer.PooledByteBufAllocator/]: -Dio.netty.allocator.chunkSize: 4194304
[08ene2025 09:25:49.492] [Render thread/DEBUG] [io.netty.buffer.PooledByteBufAllocator/]: -Dio.netty.allocator.smallCacheSize: 256
[08ene2025 09:25:49.492] [Render thread/DEBUG] [io.netty.buffer.PooledByteBufAllocator/]: -Dio.netty.allocator.normalCacheSize: 64
[08ene2025 09:25:49.492] [Render thread/DEBUG] [io.netty.buffer.PooledByteBufAllocator/]: -Dio.netty.allocator.maxCachedBufferCapacity: 32768
[08ene2025 09:25:49.492] [Render thread/DEBUG] [io.netty.buffer.PooledByteBufAllocator/]: -Dio.netty.allocator.cacheTrimInterval: 8192
[08ene2025 09:25:49.492] [Render thread/DEBUG] [io.netty.buffer.PooledByteBufAllocator/]: -Dio.netty.allocator.cacheTrimIntervalMillis: 0
[08ene2025 09:25:49.492] [Render thread/DEBUG] [io.netty.buffer.PooledByteBufAllocator/]: -Dio.netty.allocator.useCacheForAllThreads: false
[08ene2025 09:25:49.492] [Render thread/DEBUG] [io.netty.buffer.PooledByteBufAllocator/]: -Dio.netty.allocator.maxCachedByteBuffersPerChunk: 1023
[08ene2025 09:25:49.502] [Render thread/DEBUG] [io.netty.buffer.ByteBufUtil/]: -Dio.netty.allocator.type: pooled
[08ene2025 09:25:49.502] [Render thread/DEBUG] [io.netty.buffer.ByteBufUtil/]: -Dio.netty.threadLocalDirectBufferSize: 0
[08ene2025 09:25:49.502] [Render thread/DEBUG] [io.netty.buffer.ByteBufUtil/]: -Dio.netty.maxThreadLocalCharBufferSize: 16384
[08ene2025 09:25:49.545] [Netty Local Client IO #0/DEBUG] [net.minecraftforge.network.HandshakeHandler/FMLHANDSHAKE]: Starting local connection.
[08ene2025 09:25:49.720] [Netty Local Client IO #0/DEBUG] [io.netty.util.Recycler/]: -Dio.netty.recycler.maxCapacityPerThread: 4096
[08ene2025 09:25:49.720] [Netty Local Client IO #0/DEBUG] [io.netty.util.Recycler/]: -Dio.netty.recycler.ratio: 8
[08ene2025 09:25:49.720] [Netty Local Client IO #0/DEBUG] [io.netty.util.Recycler/]: -Dio.netty.recycler.chunkSize: 32
[08ene2025 09:25:49.720] [Netty Local Client IO #0/DEBUG] [io.netty.util.Recycler/]: -Dio.netty.recycler.blocking: false
[08ene2025 09:25:49.734] [Netty Server IO #1/DEBUG] [io.netty.buffer.AbstractByteBuf/]: -Dio.netty.buffer.checkAccessible: true
[08ene2025 09:25:49.734] [Netty Server IO #1/DEBUG] [io.netty.buffer.AbstractByteBuf/]: -Dio.netty.buffer.checkBounds: true
[08ene2025 09:25:49.735] [Netty Server IO #1/DEBUG] [io.netty.util.ResourceLeakDetectorFactory/]: Loaded default ResourceLeakDetector: io.netty.util.ResourceLeakDetector@9c5e07c
[08ene2025 09:25:49.746] [Netty Server IO #1/DEBUG] [net.minecraftforge.network.HandshakeHandler/FMLHANDSHAKE]: Starting local connection.
[08ene2025 09:25:49.794] [Server thread/DEBUG] [net.minecraftforge.network.HandshakeHandler/FMLHANDSHAKE]: Sending ticking packet info 'net.minecraftforge.network.HandshakeMessages$S2CModData' to 'fml:handshake' sequence 0
[08ene2025 09:25:49.808] [Netty Local Client IO #0/DEBUG] [net.minecraftforge.network.LoginWrapper/FMLHANDSHAKE]: Recieved login wrapper packet event for channel fml:handshake with index 0
[08ene2025 09:25:49.837] [Thread-0/DEBUG] [net.minecraftforge.fml.config.ConfigFileTypeHandler/CONFIG]: Config file forge-server.toml changed, sending notifies
[08ene2025 09:25:49.838] [Thread-0/DEBUG] [net.minecraftforge.common.ForgeConfig/FORGEMOD]: Forge config just got changed on the file system!
[08ene2025 09:25:49.851] [Server thread/DEBUG] [net.minecraftforge.network.HandshakeHandler/FMLHANDSHAKE]: Sending ticking packet info 'net.minecraftforge.network.HandshakeMessages$S2CModList' to 'fml:handshake' sequence 1
[08ene2025 09:25:49.851] [Netty Local Client IO #0/DEBUG] [net.minecraftforge.network.LoginWrapper/FMLHANDSHAKE]: Recieved login wrapper packet event for channel fml:handshake with index 1
[08ene2025 09:25:49.852] [Netty Local Client IO #0/DEBUG] [net.minecraftforge.network.HandshakeHandler/FMLHANDSHAKE]: Logging into server with mod list [minecraft, forge, miprimermod]
[08ene2025 09:25:49.854] [Netty Local Client IO #0/DEBUG] [net.minecraftforge.network.NetworkRegistry/NETREGISTRY]: Channel 'fml:loginwrapper' : Version test of 'FML3' from server : ACCEPTED
[08ene2025 09:25:49.854] [Netty Local Client IO #0/DEBUG] [net.minecraftforge.network.NetworkRegistry/NETREGISTRY]: Channel 'forge:tier_sorting' : Version test of '1.0' from server : ACCEPTED
[08ene2025 09:25:49.854] [Netty Local Client IO #0/DEBUG] [net.minecraftforge.network.NetworkRegistry/NETREGISTRY]: Channel 'fml:handshake' : Version test of 'FML3' from server : ACCEPTED
[08ene2025 09:25:49.854] [Netty Local Client IO #0/DEBUG] [net.minecraftforge.network.NetworkRegistry/NETREGISTRY]: Channel 'minecraft:unregister' : Version test of 'FML3' from server : ACCEPTED
[08ene2025 09:25:49.854] [Netty Local Client IO #0/DEBUG] [net.minecraftforge.network.NetworkRegistry/NETREGISTRY]: Channel 'fml:play' : Version test of 'FML3' from server : ACCEPTED
[08ene2025 09:25:49.854] [Netty Local Client IO #0/DEBUG] [net.minecraftforge.network.NetworkRegistry/NETREGISTRY]: Channel 'minecraft:register' : Version test of 'FML3' from server : ACCEPTED
[08ene2025 09:25:49.854] [Netty Local Client IO #0/DEBUG] [net.minecraftforge.network.NetworkRegistry/NETREGISTRY]: Channel 'forge:split' : Version test of '1.1' from server : ACCEPTED
[08ene2025 09:25:49.854] [Netty Local Client IO #0/DEBUG] [net.minecraftforge.network.NetworkRegistry/NETREGISTRY]: Accepting channel list from server
[08ene2025 09:25:49.856] [Netty Local Client IO #0/DEBUG] [net.minecraftforge.network.LoginWrapper/FMLHANDSHAKE]: Dispatching wrapped packet reply for channel fml:handshake with index 1
[08ene2025 09:25:49.857] [Netty Local Client IO #0/DEBUG] [net.minecraftforge.network.HandshakeHandler/FMLHANDSHAKE]: Accepted server connection
[08ene2025 09:25:49.858] [Netty Server IO #1/DEBUG] [net.minecraftforge.network.LoginWrapper/FMLHANDSHAKE]: Recieved login wrapper packet event for channel fml:handshake with index 1
[08ene2025 09:25:49.858] [Netty Server IO #1/DEBUG] [net.minecraftforge.network.HandshakeHandler/FMLHANDSHAKE]: Received client indexed reply 1 of type net.minecraftforge.network.HandshakeMessages$C2SModListReply
[08ene2025 09:25:49.859] [Netty Server IO #1/DEBUG] [net.minecraftforge.network.HandshakeHandler/FMLHANDSHAKE]: Received client connection with modlist [minecraft, forge, miprimermod]
[08ene2025 09:25:49.859] [Netty Server IO #1/DEBUG] [net.minecraftforge.network.NetworkRegistry/NETREGISTRY]: Channel 'fml:loginwrapper' : Version test of 'FML3' from client : ACCEPTED
[08ene2025 09:25:49.859] [Netty Server IO #1/DEBUG] [net.minecraftforge.network.NetworkRegistry/NETREGISTRY]: Channel 'forge:tier_sorting' : Version test of '1.0' from client : ACCEPTED
[08ene2025 09:25:49.859] [Netty Server IO #1/DEBUG] [net.minecraftforge.network.NetworkRegistry/NETREGISTRY]: Channel 'fml:handshake' : Version test of 'FML3' from client : ACCEPTED
[08ene2025 09:25:49.859] [Netty Server IO #1/DEBUG] [net.minecraftforge.network.NetworkRegistry/NETREGISTRY]: Channel 'minecraft:unregister' : Version test of 'FML3' from client : ACCEPTED
[08ene2025 09:25:49.859] [Netty Server IO #1/DEBUG] [net.minecraftforge.network.NetworkRegistry/NETREGISTRY]: Channel 'fml:play' : Version test of 'FML3' from client : ACCEPTED
[08ene2025 09:25:49.859] [Netty Server IO #1/DEBUG] [net.minecraftforge.network.NetworkRegistry/NETREGISTRY]: Channel 'minecraft:register' : Version test of 'FML3' from client : ACCEPTED
[08ene2025 09:25:49.859] [Netty Server IO #1/DEBUG] [net.minecraftforge.network.NetworkRegistry/NETREGISTRY]: Channel 'forge:split' : Version test of '1.1' from client : ACCEPTED
[08ene2025 09:25:49.860] [Netty Server IO #1/DEBUG] [net.minecraftforge.network.NetworkRegistry/NETREGISTRY]: Accepting channel list from client
[08ene2025 09:25:49.860] [Netty Server IO #1/DEBUG] [net.minecraftforge.network.HandshakeHandler/FMLHANDSHAKE]: Accepted client connection mod list
[08ene2025 09:25:49.906] [Server thread/DEBUG] [net.minecraftforge.network.HandshakeHandler/FMLHANDSHAKE]: Sending ticking packet info 'Config forge-server.toml' to 'fml:handshake' sequence 2
[08ene2025 09:25:49.912] [Netty Local Client IO #0/DEBUG] [net.minecraftforge.network.LoginWrapper/FMLHANDSHAKE]: Recieved login wrapper packet event for channel fml:handshake with index 2
[08ene2025 09:25:49.912] [Netty Local Client IO #0/DEBUG] [net.minecraftforge.network.HandshakeHandler/FMLHANDSHAKE]: Received config sync from server
[08ene2025 09:25:49.912] [Netty Local Client IO #0/DEBUG] [net.minecraftforge.network.LoginWrapper/FMLHANDSHAKE]: Dispatching wrapped packet reply for channel fml:handshake with index 2
[08ene2025 09:25:49.915] [Netty Server IO #1/DEBUG] [net.minecraftforge.network.LoginWrapper/FMLHANDSHAKE]: Recieved login wrapper packet event for channel fml:handshake with index 2
[08ene2025 09:25:49.915] [Netty Server IO #1/DEBUG] [net.minecraftforge.network.HandshakeHandler/FMLHANDSHAKE]: Received client indexed reply 2 of type net.minecraftforge.network.HandshakeMessages$C2SAcknowledge
[08ene2025 09:25:49.916] [Netty Server IO #1/DEBUG] [net.minecraftforge.network.HandshakeHandler/FMLHANDSHAKE]: Received acknowledgement from client
[08ene2025 09:25:49.937] [Server thread/DEBUG] [net.minecraftforge.network.HandshakeHandler/FMLHANDSHAKE]: Handshake complete!
[08ene2025 09:25:50.084] [Netty Local Client IO #0/INFO] [net.minecraftforge.network.NetworkHooks/]: Connected to a modded server.
[08ene2025 09:25:50.150] [Server thread/INFO] [net.minecraftforge.common.AdvancementLoadFix/]: Using new advancement loading for net.minecraft.server.PlayerAdvancements@f339ae7
[08ene2025 09:25:50.174] [Server thread/INFO] [net.minecraft.server.players.PlayerList/]: Dev[local:E:5e116144] logged in with entity id 166 at (-10.902180014381143, 111.04673560066871, -80.6914256419934)
[08ene2025 09:25:50.317] [Server thread/INFO] [net.minecraft.server.MinecraftServer/]: Dev joined the game
[08ene2025 09:25:50.776] [Server thread/DEBUG] [io.netty.util.internal.ThreadLocalRandom/]: -Dio.netty.initialSeedUniquifier: 0x5a90c2366a84dfe8
[08ene2025 09:25:52.524] [Render thread/INFO] [net.minecraft.advancements.AdvancementList/]: Loaded 148 advancements
[08ene2025 09:25:53.895] [Server thread/INFO] [net.minecraft.client.server.IntegratedServer/]: Saving and pausing game...
[08ene2025 09:25:53.981] [Server thread/INFO] [net.minecraft.server.MinecraftServer/]: Saving chunks for level 'ServerLevel[Pruebas TFG]'/minecraft:overworld
[08ene2025 09:25:55.080] [Forge Version Check/WARN] [net.minecraftforge.fml.VersionChecker/]: Failed to process update information
java.net.http.HttpConnectTimeoutException: HTTP connect timed out
	at jdk.internal.net.http.HttpClientImpl.send(HttpClientImpl.java:567) ~[java.net.http:?]
	at jdk.internal.net.http.HttpClientFacade.send(HttpClientFacade.java:123) ~[java.net.http:?]
	at net.minecraftforge.fml.VersionChecker$1.openUrlString(VersionChecker.java:139) ~[fmlcore-1.19-41.1.0.jar%23183!/:?]
	at net.minecraftforge.fml.VersionChecker$1.process(VersionChecker.java:177) ~[fmlcore-1.19-41.1.0.jar%23183!/:?]
	at java.lang.Iterable.forEach(Iterable.java:75) [?:?]
	at net.minecraftforge.fml.VersionChecker$1.run(VersionChecker.java:114) [fmlcore-1.19-41.1.0.jar%23183!/:?]
Caused by: java.net.http.HttpConnectTimeoutException: HTTP connect timed out
	at jdk.internal.net.http.MultiExchange.toTimeoutException(MultiExchange.java:580) ~[java.net.http:?]
	at jdk.internal.net.http.MultiExchange.getExceptionalCF(MultiExchange.java:527) ~[java.net.http:?]
	at jdk.internal.net.http.MultiExchange.lambda$responseAsyncImpl$7(MultiExchange.java:447) ~[java.net.http:?]
	at java.util.concurrent.CompletableFuture.uniHandle(CompletableFuture.java:934) ~[?:?]
	at java.util.concurrent.CompletableFuture.uniHandleStage(CompletableFuture.java:950) ~[?:?]
	at java.util.concurrent.CompletableFuture.handle(CompletableFuture.java:2340) ~[?:?]
	at jdk.internal.net.http.MultiExchange.responseAsyncImpl(MultiExchange.java:439) ~[java.net.http:?]
	at jdk.internal.net.http.MultiExchange.lambda$responseAsync0$2(MultiExchange.java:341) ~[java.net.http:?]
	at java.util.concurrent.CompletableFuture$UniCompose.tryFire(CompletableFuture.java:1150) ~[?:?]
	at java.util.concurrent.CompletableFuture.postComplete(CompletableFuture.java:510) ~[?:?]
	at java.util.concurrent.CompletableFuture$AsyncSupply.run(CompletableFuture.java:1773) ~[?:?]
	at jdk.internal.net.http.HttpClientImpl$DelegatingExecutor.execute(HttpClientImpl.java:157) ~[java.net.http:?]
	at java.util.concurrent.CompletableFuture.completeAsync(CompletableFuture.java:2673) ~[?:?]
	at jdk.internal.net.http.MultiExchange.responseAsync(MultiExchange.java:294) ~[java.net.http:?]
	at jdk.internal.net.http.HttpClientImpl.sendAsync(HttpClientImpl.java:654) ~[java.net.http:?]
	at jdk.internal.net.http.HttpClientImpl.send(HttpClientImpl.java:552) ~[java.net.http:?]
	... 5 more
Caused by: java.net.ConnectException: HTTP connect timed out
	at jdk.internal.net.http.MultiExchange.toTimeoutException(MultiExchange.java:581) ~[java.net.http:?]
	at jdk.internal.net.http.MultiExchange.getExceptionalCF(MultiExchange.java:527) ~[java.net.http:?]
	at jdk.internal.net.http.MultiExchange.lambda$responseAsyncImpl$7(MultiExchange.java:447) ~[java.net.http:?]
	at java.util.concurrent.CompletableFuture.uniHandle(CompletableFuture.java:934) ~[?:?]
	at java.util.concurrent.CompletableFuture.uniHandleStage(CompletableFuture.java:950) ~[?:?]
	at java.util.concurrent.CompletableFuture.handle(CompletableFuture.java:2340) ~[?:?]
	at jdk.internal.net.http.MultiExchange.responseAsyncImpl(MultiExchange.java:439) ~[java.net.http:?]
	at jdk.internal.net.http.MultiExchange.lambda$responseAsync0$2(MultiExchange.java:341) ~[java.net.http:?]
	at java.util.concurrent.CompletableFuture$UniCompose.tryFire(CompletableFuture.java:1150) ~[?:?]
	at java.util.concurrent.CompletableFuture.postComplete(CompletableFuture.java:510) ~[?:?]
	at java.util.concurrent.CompletableFuture$AsyncSupply.run(CompletableFuture.java:1773) ~[?:?]
	at jdk.internal.net.http.HttpClientImpl$DelegatingExecutor.execute(HttpClientImpl.java:157) ~[java.net.http:?]
	at java.util.concurrent.CompletableFuture.completeAsync(CompletableFuture.java:2673) ~[?:?]
	at jdk.internal.net.http.MultiExchange.responseAsync(MultiExchange.java:294) ~[java.net.http:?]
	at jdk.internal.net.http.HttpClientImpl.sendAsync(HttpClientImpl.java:654) ~[java.net.http:?]
	at jdk.internal.net.http.HttpClientImpl.send(HttpClientImpl.java:552) ~[java.net.http:?]
	... 5 more
[08ene2025 09:25:59.640] [Server thread/INFO] [net.minecraft.server.MinecraftServer/]: Saving chunks for level 'ServerLevel[Pruebas TFG]'/minecraft:the_end
[08ene2025 09:25:59.643] [Server thread/INFO] [net.minecraft.server.MinecraftServer/]: Saving chunks for level 'ServerLevel[Pruebas TFG]'/minecraft:the_nether
[08ene2025 09:25:59.646] [Server thread/DEBUG] [net.minecraftforge.common.ForgeHooks/WP]: Gathering id map for writing to world save Pruebas TFG
[08ene2025 09:25:59.655] [Server thread/DEBUG] [net.minecraftforge.common.ForgeHooks/WP]: ID Map collection complete Pruebas TFG
[08ene2025 09:25:59.686] [Server thread/WARN] [net.minecraft.server.MinecraftServer/]: Can't keep up! Is the server overloaded? Running 6309ms or 126 ticks behind
[08ene2025 09:26:04.541] [Server thread/INFO] [net.minecraft.client.server.IntegratedServer/]: Saving and pausing game...
[08ene2025 09:26:04.563] [Server thread/INFO] [net.minecraft.server.MinecraftServer/]: Saving chunks for level 'ServerLevel[Pruebas TFG]'/minecraft:overworld
[08ene2025 09:26:05.202] [Server thread/INFO] [net.minecraft.server.MinecraftServer/]: Saving chunks for level 'ServerLevel[Pruebas TFG]'/minecraft:the_end
[08ene2025 09:26:05.203] [Server thread/INFO] [net.minecraft.server.MinecraftServer/]: Saving chunks for level 'ServerLevel[Pruebas TFG]'/minecraft:the_nether
[08ene2025 09:26:05.206] [Server thread/DEBUG] [net.minecraftforge.common.ForgeHooks/WP]: Gathering id map for writing to world save Pruebas TFG
[08ene2025 09:26:05.215] [Server thread/DEBUG] [net.minecraftforge.common.ForgeHooks/WP]: ID Map collection complete Pruebas TFG
[08ene2025 09:26:06.028] [Server thread/INFO] [net.minecraft.server.MinecraftServer/]: Stopping server
[08ene2025 09:26:06.037] [Server thread/INFO] [net.minecraft.server.MinecraftServer/]: Saving players
[08ene2025 09:26:06.057] [Server thread/INFO] [net.minecraft.server.MinecraftServer/]: Saving worlds
[08ene2025 09:26:09.627] [Server thread/INFO] [net.minecraft.server.MinecraftServer/]: Saving chunks for level 'ServerLevel[Pruebas TFG]'/minecraft:overworld
[08ene2025 09:26:09.709] [Server thread/INFO] [net.minecraft.server.MinecraftServer/]: Saving chunks for level 'ServerLevel[Pruebas TFG]'/minecraft:the_end
[08ene2025 09:26:09.709] [Server thread/INFO] [net.minecraft.server.MinecraftServer/]: Saving chunks for level 'ServerLevel[Pruebas TFG]'/minecraft:the_nether
[08ene2025 09:26:09.711] [Server thread/DEBUG] [net.minecraftforge.common.ForgeHooks/WP]: Gathering id map for writing to world save Pruebas TFG
[08ene2025 09:26:09.718] [Server thread/DEBUG] [net.minecraftforge.common.ForgeHooks/WP]: ID Map collection complete Pruebas TFG
[08ene2025 09:26:09.731] [Server thread/INFO] [net.minecraft.server.MinecraftServer/]: ThreadedAnvilChunkStorage (Pruebas TFG): All chunks are saved
[08ene2025 09:26:09.731] [Server thread/INFO] [net.minecraft.server.MinecraftServer/]: ThreadedAnvilChunkStorage (DIM1): All chunks are saved
[08ene2025 09:26:09.731] [Server thread/INFO] [net.minecraft.server.MinecraftServer/]: ThreadedAnvilChunkStorage (DIM-1): All chunks are saved
[08ene2025 09:26:09.731] [Server thread/INFO] [net.minecraft.server.MinecraftServer/]: ThreadedAnvilChunkStorage: All dimensions are saved
[08ene2025 09:26:10.545] [Server thread/DEBUG] [net.minecraftforge.fml.loading.FileUtils/CORE]: Found existing serverconfig directory : ./saves/Pruebas TFG/serverconfig
[08ene2025 09:26:10.545] [Server thread/DEBUG] [net.minecraftforge.fml.config.ConfigTracker/CONFIG]: Unloading configs type SERVER
